#;;;;;;;;;;;;;;x
UNIT_BUILD_TIME_IW;$VAL$ dias.;$VAL$ jours.;$VAL$ Tage.;;$VAL$ días.;;;;;;;;;x
SUPPLY_OWNER;Proprietário:;Possesseur :;Besitzer:;W³aœciciel:;Infantería de testuz y cuernos;Possessore:;Tulajdonos:;Vlastník:;;;;;;x
SUPPLY_ALLIED;Aliado:;Allié :;Verbündet:;Sojusze:;Cuanta más población haya, mayores serán la producción y los ingresos por impuestos.;Alleato:;Szövetségben:;Spojenecký:;;;;;;x
SUPPLY_ACCESS;Acesso militar:;Accès militaire :;Militärzugang:;Przemarsz wojsk:;La población crecerá automáticamente como efecto de una gran estabilidad, paz y tranquilidad. Disminuirá como efecto de un saqueo, ocupación o una escasa estabilidad.\n;Accesso militare:;Katonai hozzáférés:;Vojenský pøístup:;;;;;;x
SUPPLY_CONTROLLER;Controlado:;Contrôleur :;Kontrolliert:;Kontrolowane przez:;Peso máximo de unidades que la provincia puede abastecer sin acusar desgaste. El desgaste real también depende de varios factores más. Una cifra en rojo indica que las unidades estarán desabastecidas (lo que aumenta el desgaste). Los números en amarillo indican provincias adyacentes a fuentes de suministros.;Controllato:;Irányító:;Ovládáno:;;;;;;x
SUPPLY_CONTROLLER_ALLIANCE;Controlado por um aliado:;Contrôleur allié :;Von einem Verbündeten kontrolliert:;Kontrolowane przez sojusznika:;Base;Controllato da alleato:;Szövetséges által irányított:;Ovládáno spojencem:;;;;;;x
SUPPLY_SIEGE;Esta cercando:;Assiège :;Belagert:;Oblega:;Propietario:;Sta assediando:;Ostrom alatt:;Obléhá:;;;;;;x
SUPPLY_CORE;Núcleo:;Territoire clé :;Kernprovinz:;;Núcleo:;;;;;;;;;x
fascist_uh;Os fascistas defendem a extensão da reforma social ea eliminação da reforma política, mas vai se opor a qualquer reforma enquanto o partido no poder não é fascista.;Les fascistes soutiennent la poursuite des réformes sociales et le retrait des réformes politiques à condition que le parti dirigeant partage leur idéologie.;Faschisten unterstützen die Ausweitung von Sozialreformen und die Außerkraftsetzung von Politikreformen - aber nur, wenn Ihre Regierungspartei faschistisch ist.;;Los fascistas abogan por la ampliación de la reforma social, y la eliminación de la reforma política, pero se opondrán a cualquier reforma mientras el partido gobernante no sea fascista.;;;;;;;;;x
reactionary_uh;Os reacionários sempre tentam evitar as reformas, tanto políticas e sociais.;Les réactionnaires sont toujours contre les réformes.;Reaktionäre versuchen stets, Reformen rückgängig zu machen.;;Los reaccionarios siempre tratan de evitar las reformas, tanto políticas como sociales.;;;;;;;;;x
conservative_uh;Os conservadores preferem o status quo, mas pode apoiar as reformas em condições de alta militância.;Les conservateurs préfèrent le statu quo, mais peuvent soutenir les réformes en cas d'extrême nécessité.;Konservative bevorzugen den Status Quo, können aber in extremen Situationen Reformen unterstützen.;;Los conservadores prefieren el statu quo, pero pueden apoyar reformas en condiciones de elevada militancia.;;;;;;;;;x
socialist_uh;Os socialistas exigem mais reformas sociais aprovadas, mas pode apoiar as reformas políticas em condições de alta militância.;Les socialistes veulent davantage de réformes sociales.;Sozialisten sind an zusätzlichen Sozialreformen interessiert.;;Los socialistas abogan por promulgar más reformas sociales, pero pueden apoyar reformas políticas en condiciones de elevada militancia.;;;;;;;;;x
communist_uh;Os comunistas querem aprovar reformas sociais, mas rejeita reformas políticas.;Les communistes veulent davantage de réformes sociales et le retrait des réformes politiques.;Kommunisten sind an zusätzlichen Sozialreformen interessiert, setzen sich aber für die Außerkraftsetzung von Politikreformen ein.;;Los comunistas quieren promulgar reformas sociales, pero rechazan las reformas políticas.;;;;;;;;;x
liberal_uh;Os liberais querem aprovar novas reformas políticas, mas também apoiará a reforma social em condições de alta militância.;Les libéraux veulent davantage de réformes politiques.;Liberale sind an zusätzlichen Politikreformen interessiert.;;Los liberales abogan por más reformas políticas, pero apoyarán también reformas sociales bajo condiciones de elevada militancia.;;;;;;;;;x
anarcho_liberal_uh;O anarco-liberalismo rejeita reformas sociais, e nunca apóia novas reformas não importa do que seja.;Les anarcho-libéraux veulent davantage de réformes politiques et le retrait des réformes sociales.;Anarcho-Liberale sind an zusätzlichen Politikreformen interessiert, setzen sich aber für die Außerkraftsetzung von Sozialreformen ein.;;Los anarcoliberales rechazan las reformas sociales, y nunca apoyarán más reformas de ningún tipo.;;;;;;;;;x
RP_ACCUMULATED;Temos §Y$VAL$§W pontos de pesquisa que não está sendo usado.;Nous disposons de §Y$VAL$§W points de recherche actuellement inutilisés.;Wir haben §Y$VAL$§W Forschungspunkte angesammelt, die derzeit nicht verwendet werden.;;En estos momentos tenemos §Y$VAL$§W puntos de investigación acumulados sin utilizar.;;;;;;;;;x
WEGAINCB_SETUP;Quando ganhamos um Casus Belli;Si nous obtenons un casus belli;Wenn wir einen Kriegsgrund erhalten;;Cuando se produce un 'casus belli';;;;;;;;;x
WEGAINCB_HEADER;$MONARCHTITLE$;$MONARCHTITLE$;$MONARCHTITLE$;$MONARCHTITLE$;$MONARCHTITLE$;$MONARCHTITLE$;$MONARCHTITLE$;$MONARCHTITLE$;;;;;;x
WEGAINCB_1;Casus Belli;Casus belli;Kriegsgrund;;Casus belli;;;;;;;;;x
WEGAINCB_2;Temos um;Nous avons obtenu un;Wir erhielten den;;Tenemos un;;;;;;;;;x
WEGAINCB_3;Casus Belli $CASUS$';"casus belli ""$CASUS$""";Kriegsgrund '$CASUS$';;Casus belli '$CASUS$';;;;;;;;;x
WEGAINCB_4;contra;contre;gegen;;contra;;;;;;;;;x
WEGAINCB_5;$ENEMY$;$ENEMY$;$ENEMY$;;$ENEMY$;;;;;;;;;x
WEGAINCB_6;$DESC$;$DESC$;$DESC$;$DESC$;$DESC$;$DESC$;$DESC$;$DESC$;$DESC$;$DESC$;$DESC$;$DESC$;$DESC$;x
WEGAINCB_LOG;Ganhamos um Casus Beli '$CASUS$' contra $ENEMY$.;"Nous avons obtenu un casus belli ""$CASUS$"" contre $ENEMY$.";Wir erhielten den Kriegsgrund '$CASUS$' gegen $ENEMY$.;;Tenemos un Casus belli '$CASUS$' contra $ENEMY$.;;;;;;;;;x
WEGAINCB_BTN1;Aceitar;OK;OK;OK;OK;OK;Rendben;OK;;;;;;x
WEGAINCB_BTN2;Aceitar;OK;OK;OK;OK;OK;Rendben;OK;;;;;;x
WEGAINCB_BTN3;Ir para;Aller à;Goto;IdŸ do;Ir allí;Andare;Ugrás;Pøejít na;;;;;;x
WEGAINCB_MAP;*;*;*;*;*;*;*;;;;;;;x
NORMAL_WAR_FREE_NAME;$ORDER$$FIRST$ guerra da liberdade $COUNTRY_ADJ$ Freedom;$ORDER$$FIRST$ guerre de la liberté $COUNTRY_ADJ$;$ORDER$$FIRST$-$COUNTRY_ADJ$er Freiheitskrieg;;$ORDER$ Guerra $FIRST$ de liberación $COUNTRY_ADJ$;;;;;;;;;x
AGRESSION_WAR_FREE_NAME;$ORDER$$FIRST$ guerra de apóio a $COUNTRY$;$ORDER$$FIRST$ guerre de soutien de $COUNTRY$;$ORDER$$FIRST$er Krieg zur Absicherung von $COUNTRY$;;$ORDER$ Guerra $FIRST$ de apoyo a $COUNTRY$;;;;;;;;;x
NORMAL_WAR_COLONIAL_NAME;$ORDER$$FIRST$ conquista colonial de $STATE$;$ORDER$$FIRST$ conquête coloniale de $STATE$;$ORDER$$FIRST$e Kolonialeroberung von $STATE$;;$ORDER$ Conquista colonial $FIRST$ de $STATE$;;;;;;;;;x
AGRESSION_WAR_COLONIAL_NAME;$ORDER$$FIRST$ guerra Colonial por $STATE$;$ORDER$$FIRST$ guerre coloniale pour $STATE$;$ORDER$$FIRST$er Kolonialkrieg um $STATE$;;$ORDER$ Guerra colonial $FIRST$ por $STATE$;;;;;;;;;x
NORMAL_WAR_TAKE_NAME;$ORDER$$FIRST$ conquista de $STATE$;$ORDER$$FIRST$ conquête de $STATE$;$ORDER$$FIRST$e Eroberung von $STATE$;;$ORDER$ Conquista $FIRST$ de $STATE$;;;;;;;;;x
AGRESSION_WAR_TAKE_NAME;$ORDER$$FIRST$ guerra de $STATE$;$ORDER$$FIRST$ guerre de $STATE$;$ORDER$$FIRST$er Krieg um $STATE$;;$ORDER$ Guerra $FIRST$ de $STATE$;;;;;;;;;x
NORMAL_WAR_TAKE_CORE_NAME;$ORDER$$FIRST$ liberação de $STATE$;$ORDER$$FIRST$ libération de $STATE$;$ORDER$$FIRST$e Befreiung von $STATE$;;$ORDER$ Liberación $FIRST$ de $STATE$;;;;;;;;;x
AGRESSION_WAR_TAKE_CORE_NAME;$ORDER$$FIRST$ agressão por $STATE$;$ORDER$$FIRST$ aggression pour $STATE$;$ORDER$$FIRST$e Aggression gegen $STATE$;;$ORDER$ Agresión $FIRST$ por $STATE$;;;;;;;;;x
NORMAL_WAR_TAKE_SPHERE_NAME;$ORDER$ guerra de $COUNTRY$;$ORDER$ guerre de $COUNTRY$;$ORDER$$COUNTRY$-Feldzug;;$ORDER$ Guerra de $COUNTRY$;;;;;;;;;x
AGRESSION_WAR_TAKE_SPHERE_NAME;$ORDER$ guerra $FIRST$-$SECOND$ sobre $COUNTRY$;$ORDER$ guerre $FIRST$-$SECOND$ pour $COUNTRY$;$ORDER$$FIRST$-$SECOND$er Krieg um $COUNTRY$;;$ORDER$ Guerra $FIRST$-$SECOND$ sobre $COUNTRY$;;;;;;;;;x
NORMAL_WAR_ADD_SPHERE_NAME;$ORDER$ guerra de submissão $SECOND$;$ORDER$ guerre de la soumission $SECOND$;$ORDER$Krieg zur $SECOND$en Unterwerfung;;$ORDER$ Guerra de sumisión $SECOND$;;;;;;;;;x
AGRESSION_WAR_ADD_SPHERE_NAME;$ORDER$ guerra de Subjugação $SECOND$;$ORDER$ guerre de la subjugation $SECOND$;$ORDER$Krieg zur $SECOND$en Unterjochung;;$ORDER$ Guerra de subyugación $SECOND$;;;;;;;;;x
NORMAL_CIVIL_WAR_NAME;$ORDER$$FIRST$ guerra civil;$ORDER$ guerre civile $FIRST$;$ORDER$$FIRST$er Bürgerkrieg;;$ORDER$ Guerra Civil $FIRST$;;;;;;;;;x
AGRESSION_CIVIL_WAR_NAME;$ORDER$$FIRST$ guerra civil;$ORDER$ guerre civile $FIRST$;$ORDER$$FIRST$er Bürgerkrieg;;$ORDER$ Guerra Civil $FIRST$;;;;;;;;;x
NORMAL_WAR_CONQUEST_NAME;$ORDER$$FIRST$ guerra de conquista de $SECOND_COUNTRY$;$ORDER$ conquête de la guerre $SECOND$;$ORDER$Eroberung von $SECOND$em Land;;$ORDER$ Guerra de Conquista $SECOND$;;;;;;;;;x
AGRESSION_WAR_CONQUEST_NAME;$ORDER$ guerra de agressão $FIRST$ contra $SECOND_COUNTRY$;$ORDER$ guerre de l'aggression $FIRST$ sur $SECOND$;$ORDER$$FIRST$er Aggressionskrieg gegen $SECOND$e Gebiete;;$ORDER$ Guerra de Agresión $FIRST$ contra $SECOND_COUNTRY$;;;;;;;;;x
ADJ_FORT_EXTRA_ATTR;E §R+$VAL$%§W de fortes adjacentes hostis.;Et §R+$VAL$%§W des forts adjacents ennemis.;Und §R+$VAL$%§W von feindlichen Forts in der Nähe.;;Y §R+$VAL$%§W de fuertes hostiles adyacentes.;;;;;;;;;x
IS_NOT_ACCEPTED_CULTURE_POP;nao pertence a uma cultura aceitada.\n;n'appartient pas à une culture acceptée.\n;gehört nicht zu einer akzeptierten Kultur.\n;;no pertenece a una cultura aceptada.\n;;;;;;;;;x
IS_ACCEPTED_CULTURE_POP;pertence a uma cultura aceitada.\n;appartient à une culture acceptée.\n;gehört zu einer akzeptierten Kultur.\n;;pertenece a una cultura aceptada.\n;;;;;;;;;x
IS_NOT_PRIMARY_CULTURE_POP;Não é §Y$NAME$§W\n;N'est pas §Y$NAME$§W\n;Ist nicht §Y$NAME$§W\n;;No es §Y$NAME$§W\n;;;;;;;;;x
IS_PRIMARY_CULTURE_POP;É §Y$NAME$§W\n;Est §Y$NAME$§W\n;Ist §Y$NAME$§W\n;;Es §Y$NAME$§W\n;;;;;;;;;x
NEW_CORE_EFFECT_TAG2;$TAG$ irá ganhar §Y$NEW$§W como núcleo.\n;$TAG$ obtiendra §Y$NEW$§W comme territoire clé.\n;$TAG$ erhält §Y$NEW$§W als Kernprovinz.\n;;$TAG$ obtendrá §Y$NEW$§W como núcleo.\n;;;;;;;;;x
digin;Entrincheirar;Retranchement;Eingraben;;Atrincherar;;;;;;;;;x
terrain;Terreno;Terrain;Gelände;;Terreno;;;;;;;;;x
crossing;Cruzamento;Passage;Brücke;;Paso;;;;;;;;;x
total_occupation;Províncias nacionais ocupadas;Provinces nationales occupées;Besetzte Heimatprovinzen;;Provincias nacionales ocupadas;;;;;;;;;x
total_blockaded;Portos nacionais bloqueados;Ports nationaux sous blocus;Blockierte Heimathäfen;;Puertos nacionales bloqueados;;;;;;;;;x
PW_SLAVE_STATE;Estado escravista;État esclavagiste;Sklavenstaat;;Estado esclavista;;;;;;;;;x
CURR_REL_TT;Nossa relação atual.;Nos relations actuelles.;Unsere aktuellen Beziehungen.;;Nuestras relaciones actuales.;;;;;;;;;x
great_power;Grande potência;Grande puissance;Großmacht;;Gran potencia;;;;;;;;;x
second_power;Potência secundaria;Puissance de second rang;Sekundärmacht;;Potencia menor;;;;;;;;;x
civ_nation;Nação civilizada;Nation civilisée;Zivilisierte Nation;;Nación civilizada;;;;;;;;;x
unciv_nation;Nação não civilizada;Nation non civilisée;Unzivilisierte Nation;;Nación sin civilizar;;;;;;;;;x
REB_TYPE_SIZE;§YSuporte rebelde§W;§YSoutien rebelle§W;§YRebellenunterstützung§W;;§YApoyo rebelde§W;;;;;;;;;x
REB_TYPE_POWER;§YPotência rebelde§W;§YPuissance rebelle§W;§YRebellenmacht§W;;§YPotencia rebelde§W;;;;;;;;;x
PRODUCTION_MUST_PORT_ONLY;Só pode produzir em portos.\n;Production dans les ports uniquement.\n;Wird nur in Häfen produziert.\n;;Solo se puede producir en puertos.\n;;;;;;;;;x
POPULATION_CHANGED_BY;População mudada: ;Évolution démographique :;Bevölkerung geändert um;;La población ha cambiado en;;;;;;;;;x
COMBAT_LEADER_MOD;Líder;Leader;Anführer;;Líder;;;;;;;;;x
POLITICS_CANNOT_SET_RULING_PARTY_IN_ELECTION;Não é possível alternar o partido governante durante uma eleição.;Il est impossible de changer de parti dirigeant en cours d'élection.;Während einer Wahl ist es unmöglich, die Regierungspartei zu wechseln.;;No se puede cambiar el partido gobernante durante unas elecciones.;;;;;;;;;x
IS_NOT_OVERSEAS;NÃO está no exterior;N'est PAS outremer;ist KEINE Übersee-Provinz.;;NO está en el extranjero;;;;;;;;;x
IS_OVERSEAS;Está no exterior;Est outremer;ist Übersee-Provinz.;;está en el extranjero;;;;;;;;;x
SHIP_SUB_NAME;$NUM$$ORDER$ $HOME$ $TYPE$;$NUM$$ORDER$ $HOME$ $TYPE$;$NUM$$ORDER$ $HOME$s $TYPE$;;$NUM$$ORDER$ $HOME$ $TYPE$;;;;;;;;;x
FOLLOWING_HAVE_CLAIMS;Os seguintes países têm reivindicações aqui:;Les pays suivants revendiquent cet endroit.;Die folgenden Länder haben hier Ansprüche:;;Aquí tienen pretensiones los siguientes países:;;;;;;;;;x
COUNTRY_IS_NOT_CULTURE;A cultura primaria não é;La culture principale n'est PAS;Primärkultur ist NICHT;;La cultura principal NO es;;;;;;;;;x
COUNTRY_IS_CULTURE;A cultura primaria é;La culture principale est;Primärkultur ist;;La cultura principal es;;;;;;;;;x
NO_ASSIM_NOW;Sem assimilação atual;Pas d'assimilation pour le moment;Momentan keine Assimilierung;;Sin asimilar;;;;;;;;;x
MODIFIER_LOCAL_REPAIR;Velocidade de reparação do navio;Vitesse de réparation des navires;Schiffsreparaturgeschwindigkeit;;Velocidad de reparación de nave;;;;;;;;;x
BADBOY_DRO_1;Mudança de infâmia mensal:\n;Déshonneur - Évolution mensuelle :\n;Monatliche Infamie-Veränderung:\n;;Cambio de infamia mensual:\n;;;;;;;;;x
REGIMENT_SIZE;Tamanho atual: §Y$SIZE$§W\n;Taille actuelle : §Y$SIZE$§W\n;Aktuelle Größe: §Y$SIZE$§W\n;;Tamaño actual: §Y$SIZE$§W\n;;;;;;;;;x
CURRENT_MORALE;Organização: §Y$SIZE$§W de $MAX$.\n;Organisation : §Y$SIZE$§W sur $MAX$.\n;Organisation: §Y$SIZE$§W von $MAX$.\n;;Organización: §Y$SIZE$§W of $MAX$.\n;;;;;;;;;x
SUPPLY_COST;Custo de suprimento;Frais d'approvisionnement;Versorgungskosten;;Costes de abastecimiento;;;;;;;;;x
ALL_CORE_PROVINCE_THAT;Para todas as províncias Núcleo ;Pour toutes les provinces clés ;Für alle Kernprovinzen;;Para todas las provincias núcleo ;;;;;;;;;x
BREAKCOUNTRY_SETUP;Se uma facção rebelde impor suas demandas em nossa nação;Si une faction rebelle met ses exigences à exécution dans notre nation;Wenn eine Rebellenfraktion ihre Forderungen in unserer Nation erzwingt.;;Cuando una facción rebelde impone sus demandas en nuestra nación;;;;;;;;;x
BREAKCOUNTRY_HEADER;Relatório de $CAPITAL$;Rapport en provenance de $CAPITAL$;Bericht aus $CAPITAL$:;;Informe desde $CAPITAL$;;;;;;;;;x
BREAKCOUNTRY_1;Vitória de $FACTION$!;$FACTION$ l'emporte !;$FACTION$ haben gesiegt!;;¡Victoria de los $FACTION$!;;;;;;;;;x
BREAKCOUNTRY_2;$MONARCHTITLE$, os $FACTION$ impuseram suas demandas!;$MONARCHTITLE$, $FACTION$ a mis ses exigences à exécution !;$FACTION$ haben gesiegt!;;¡$MONARCHTITLE$, los $FACTION$ han impuesto sus demandas!;;;;;;;;;x
BREAKCOUNTRY_3;*;*;*;*;*;*;*;;;;;;;x
BREAKCOUNTRY_4;$EFFECTS$;$EFFECTS$;$EFFECTS$;;$EFFECTS$;;;;;;;;;x
BREAKCOUNTRY_5;*;*;*;*;*;*;*;;;;;;;x
BREAKCOUNTRY_6;*;*;*;*;*;*;*;;;;;;;x
BREAKCOUNTRY_LOG;$FACTION$ impuseram suas demandas!;$FACTION$ met ses exigences à exécution !;$FACTION$ haben gesiegt!;;¡Los $FACTION$ imponen sus demandas!;;;;;;;;;x
BREAKCOUNTRY_BTN1;Que horror!;Horreur !;Oh Graus!;To straszne!;¡Qué horror!;Orrore!;Rettegés!;Hrùza!;;;;;;x
BREAKCOUNTRY_BTN2;Que horror!;Horreur !;Oh Graus!;To straszne!;¡Qué horror!;Orrore!;Rettegés!;Hrùza!;;;;;;x
BREAKCOUNTRY_BTN3;Ir para;Aller à;Goto;IdŸ do;Ir allí;Andare;Menj ide;Pøejít na;;;;;;x
BREAKCOUNTRY_MAP;*;*;*;*;*;*;*;;;;;;;x
BREAKCOUNTRYOTHER_SETUP;Se uma facção rebelde impor suas demandas em outra nação;Si une faction rebelle met ses exigences à exécution dans une autre nation;Wenn eine Rebellenfraktion ihre Forderungen in einer anderen Nation erzwingt.;;Cuando una facción rebelde impone sus demandas en otra nación;;;;;;;;;x
BREAKCOUNTRYOTHER_HEADER;Embaixador de;Ambassadeur de;Botschafter aus;;Embajador de;;;;;;;;;x
BREAKCOUNTRYOTHER_1;$OTHER$;$OTHER$;$OTHER$;$OTHER$;$OTHER$;$OTHER$;$OTHER$;$OTHER$;;;;;;x
BREAKCOUNTRYOTHER_2;$FACTION$ impuseram suas demandas em;$FACTION$ a mis ses exigences à exécution en;$FACTION$ haben den Sieg errungen!;;Los $FACTION$ han impuesto sus demandas en;;;;;;;;;x
BREAKCOUNTRYOTHER_3;$OTHER$;$OTHER$;$OTHER$ ist kollabiert.;;$OTHER$;;;;;;;;;x
BREAKCOUNTRYOTHER_4;$EFFECTS$;$EFFECTS$;$EFFECTS$;;$EFFECTS$;;;;;;;;;x
BREAKCOUNTRYOTHER_5;*;*;*;*;*;*;*;;;;;;;x
BREAKCOUNTRYOTHER_6;*;*;*;*;*;*;*;;;;;;;x
BREAKCOUNTRYOTHER_LOG;$FACTION$ impuseram suas demandas em $OTHER$!;$FACTION$ met ses exigences à exécution en $OTHER$ !;$FACTION$ siegten in $OTHER$!!;;¡Los $FACTION$ imponen sus demandas en $OTHER$!;;;;;;;;;x
BREAKCOUNTRYOTHER_BTN1;Aceitar;OK;OK;OK;Aceptar;OK;Rendben;OK;;;;;;x
BREAKCOUNTRYOTHER_BTN2;Aceitar;OK;OK;OK;Aceptar;OK;Rendben;OK;;;;;;x
BREAKCOUNTRYOTHER_BTN3;Ir para;Aller à;Goto;IdŸ do;Ir allí;Andare;Ugrás;Pøejít na;;;;;;x
BREAKCOUNTRYOTHER_MAP;*;*;*;*;*;*;*;;;;;;;x
INVENTION_SETUP;Quando você ganhou uma invenção.;Si vous obtenez une invention;Wenn Sie eine Erfindung erhalten haben.;;Cuando consigas hacer un invento;Quando acquisisci un'invenzione;;;;;;x;
INVENTION_HEADER;Relatórios sobre;Rapports sur;Bericht über eine;;Informe sobre;;;;;;;;;x
INVENTION_1;Grande descoberta;Découverte majeure;Große Entdeckung;;Descubrimiento importante;Grande scoperta;;;;;;x;
INVENTION_2;Cientistas em nosso país descobriu;Les scientifiques de notre pays ont découvert;Wissenschaftlicher unseres Landes entdeckten;;Los científicos de nuestro país han descubierto;;;;;;;;;x
INVENTION_3;$INVENTION$;$INVENTION$;$INVENTION$;;$INVENTION$;$INVENTION$;;;;;;x;
INVENTION_4;$DESC$;$DESC$;$DESC$;;$DESC$;$DESC$;;;;;;x;
INVENTION_5;EFEITO:;EFFET :;Das hat folgende Effekte:;;EFECTO:;EFFETTO:;;;;;;x;
INVENTION_6;$EFFECT$;$EFFECT$;$EFFECT$;;$EFFECT$;$EFFECT$;;;;;;x;
INVENTION_LOG;Descobrimos como funciona o invento seguinte: $INVENTION$.;Nous avons découvert comment fonctionne $INVENTION$.;Wir haben herausgefunden, was $INVENTION$ ermöglicht.;;Hemos descubierto cómo funciona el invento siguiente: $INVENTION$.;Abbiamo scoperto il funzionamento di: $INVENTION$.;;;;;;x;
INVENTION_BTN1;Aceitar;OK;OK;;Aceptar;OK;;;;;;x;
INVENTION_BTN2;Aceitar;OK;OK;;Aceptar;OK;;;;;;x;
INVENTION_BTN3;Detalhes;Détails;Details;;Detalles;Dettagli;;;;;;x;
INVENTION_MAP;*;*;*;;*;*;;;;;;x;
revanchism;Revanchismo;Revanchisme;Revanchismus;;Revanchismo;;;;;;;;;x
plurality;Pluralidade;Pluralité;Pluralität;;Pluralidad;;;;;;;;;x
TOPBAR_LEADERSHIP_GAIN_TOOLTIP;Ganhamos §Y$CURR$§W de liderança dos nossos oficiais por mês.;Nos officiers nous permettent de gagner §Y$CURR$§W de commandement par mois.;Wir erhalten von unseren Offizieren monatlich §Y$CURR$§W Anführerschaft.;;Obtenemos §Y$CURR$§W de liderazgo de nuestros oficiales cada mes.;;;;;;;;;x
UW_AASIGN;Atribuição automática de líderes;Attribution automatique des officiers;Anführer autom. zuteilen;;Asignación automática de líderes;;;;;;;;;x
ATTR_SAFE_RANGE;Uma frota no alcance de abastecimento de navios perto de uma costa não vai sofrer qualquer desgaste.;Une flotte à portée de navires ravitailleurs et à proximité d'une côte ne subit aucune usure.;Eine Flotte innerhalb der Reichweite von Versorgungsschiffen und nahe einer Küste erleidet keine Verluste.;;Una flota dentro del alcance de los barcos de suministro y cerca de una costa no sufrirá desgaste alguno.;;;;;;;;;x
TECHNOLOGYVIEW_HAVE_NOT_YEAR;Não é possível iniciar essa pesquisa antes de §Y$YEAR$§W.;Il est impossible d'entamer ces travaux de recherche avant §Y$YEAR$§W.;Die Erforschung hiervon ist nicht vor dem Jahr §Y$YEAR$§W möglich.;;Esto no se puede empezar a investigar antes de §Y$YEAR$§W.;;;;;;;;;x
ENCOURAGEMENT_FOR;Incentivo para ;Encouragement pour ;Ermutigung zu ;;Fomento de ;;;;;;;;;x
IS_NOT_PRIMARY_CULTURE;§Y$NAME$§W NÃO é uma cultura primária.\n;§Y$NAME$§W n'est PAS une culture principale.\n;§Y$NAME$§W ist NICHT Primärkultur.\n;;La §Y$NAME$§W NO es una cultura principal.\n;;;;;;;;;x
IS_PRIMARY_CULTURE;§Y$NAME$§W é uma cultura primária.\n;§Y$NAME$§W est une culture principale.\n;§Y$NAME$§W ist Primärkultur.\n;;La §Y$NAME$§W es una cultura principal.\n;;;;;;;;;x
IS_NOT_ACCEPTED_CULTURE2;§Y$NAME$§W NÃO é uma cultura aceitada.\n;§Y$NAME$§W n'est PAS une culture acceptée.\n;§Y$NAME$§W ist KEINE akzeptierte Kultur.\n;;La §Y$NAME$§W NO es una cultura aceptada.\n;;;;;;;;;x
IS_ACCEPTED_CULTURE2;§Y$NAME$§W é uma cultura aceitada.\n;§Y$NAME$§W est une culture acceptée.\n;§Y$NAME$§W ist eine akzeptierte Kultur.\n;;La §Y$NAME$§W es una cultura aceptada.\n;;;;;;;;;x
ALL_COUNTRIES_EFF;Todos os países;Tous les pays;Alle Länder;;Todos los países;;;;;;;;;x
ALL_COUNTRIES_THAT_EFF;Todos países que;Tous les pays qui;Alle Länder, die;;Todos los países que;;;;;;;;;x
GETTING_ONLY_NEEDS;Recebendo apenas $NEED$: §Y$VAL$%§W;Obtention d'à peine $NEED$: §Y$VAL$%§W;Decken lediglich $NEED$: §Y$VAL$%§W;;Solo consigue $NEED$: §Y$VAL$%§W;;;;;;;;;x
tutorial_chapter_introduction;Fim da introdução.;Fin de l'introduction.;Ende der Einleitung.;;Fin de la introducción;;;;;;;;;x
tutorial_end_of_chapter;Fim do capitulo de tutorial;Fin du chapitre du didacticiel;Ende des Tutorialkapitels;;Fin del capítulo tutorial;;;;;;;;;x
ISSUE_MOVE_EFFECT;§Y$PERCENTAGE$%§W da POP muda de §YFROM§W para §YTO§W;§Y$PERCENTAGE$%§W des POP émigrent de §YFROM§W vers §YTO§W;§Y$PERCENTAGE$%§W der Bevs ziehen von §YFROM§W nach §YTO§W um.;;Un §Y$PERCENTAGE$%§W de las POB se desplaza de §YFROM§W a §YTO§W;;;;;;;;;x
ADD_WARGOAL_EFFECT;Se adicionarmos este objetivo militar, ganharemos:;Si nous ajoutons cet objectif de guerre, nous obtiendrons :;Wenn wir dieses Kriegsziel hinzufügen, erhalten wir:;;Al añadir este objetivo bélico, obtendremos:;;;;;;;;;x
ADD_WARGOAL_SUCCESS;Se conseguirmos este objetivo militar, ganharemos:;Si nous atteignons cet objectif de guerre, nous obtiendrons :;Wenn wir dieses Kriegsziel erreichen, erhalten wir:;;Si logramos este objetivo bélico, obtendremos:;;;;;;;;;x
ADD_WARGOAL_FAILURE;Se fracassamos este objetivo militar, ganharemos:;Si nous manquons cet objectif de guerre, nous obtiendrons :;Wenn wir dieses Kriegsziel nicht erreichen, erhalten wir:;;Si fracasamos en este objetivo bélico:;;;;;;;;;x
WARDIALOG_TRUCE;Trégua: ;Trêve : ;Waffenruhe:;;Tregua: ;;;;;;;;;x
WARDIALOG_NOCB;Sem casus belli: ;Pas de casus belli : ;Kein Kriegsgrund:;;Sin ‘casus belli’: ;;;;;;;;;x
DIPLOMACY_INFAMY2;Infâmia: $VALUE$;Déshonneur : $VALUE$;Infamie: $VALUE$;;Infamia: $VALUE$;;;;;;;;;x
DIPLOMACY_PRESTIGE2;Prestigio: $VALUE$;Prestige : $VALUE$;Prestige: $VALUE$;;Prestigio: $VALUE$;;;;;;;;;x
DIPLOMACY_MILITANCY2;Militância: $VALUE$;Militantisme : $VALUE$;Militanz: $VALUE$;;Militancia: $VALUE$;;;;;;;;;x
REMOVE_DIPLOMACY_WARDIALOG_ALLIES;§Y$COUNTRY$§W tem os seguintes aliados:;§Y$COUNTRY$§W a les alliés suivants :;§Y$COUNTRY$§W hat folgende Verbündete:;;§Y$COUNTRY$§W cuenta con los siguientes aliados:;;;;;;;;;x
REMOVE_DIPLOMACY_WARDIALOG_NUM_ALLIES;§Y$COUNTRY$§W tem §Y$NUM$§W aliados;§Y$COUNTRY$§W a §Y$NUM$§W alliés;§Y$COUNTRY$§W hat §Y$NUM$§W Verbündete.;;§Y$COUNTRY$§W tiene §Y$NUM$§W aliados;;;;;;;;;x
DIPLOMACY_WAR_HASTRUCE;§RNós temos uma trégua com §Y$COUNTRY$§R até §Y$DATE$§R. Declarar guerra com eles irá causar uma perda significante no nosso prestigio internacional;§RNous observons une trêve avec §Y$COUNTRY$§R jusqu'à la date suivante : §Y$DATE$§R. Si nous déclarons la guerre à ce pays, notre prestige international en pâtira.;§RWir haben Waffenruhe mit §Y$COUNTRY$§R bis §Y$DATE$§R. Würden wir ihnen den Krieg erklären, wäre dies ein schwerer Schlag für unser internationales Prestige.;;§RTenemos una tregua con §Y$COUNTRY$§R hasta el §Y$DATE$§R. Declararle la guerra tendrá un efecto considerable sobre nuestro prestigio internacional.;;;;;;;;;x
REMOVE_DIPLOMACY_DAILYINFLULENCE_GAIN;Ganhamos uma influencia de §Y$NUM$§W em §Y$COUNTRY$§W each day;Nous gagnons quotidiennement §Y$NUM$§W points d'influence en §Y$COUNTRY$§W.;Wir erhalten in §Y$COUNTRY$§W täglich §Y$NUM$§W Einfluss.;;Obtenemos una influencia de §Y$NUM$§W en §Y$COUNTRY$§W cada día;;;;;;;;;x
tutorial_chapter_budget_victoria;Fim do tutorial de orçamento intermediario;Fin du didacticiel intermédiaire sur le budget;Ende des Haushalts-Mitteltutorials.;;Fin del tutorial de presupuesto intermediario;;;;;;;;;x
NO_RELEASEABLE_NATIONS;Não temos nações que podemos conceder soberania;Nous n'avons aucune nation à laquelle accorder la souveraineté.;Wir haben keine Nationen, denen wir Souveränität gewähren könnten.;;No tenemos naciones a las que podamos conceder la soberanía;;;;;;;;;x
DIPLOMACY_CALL_ALLIES_NOT_LEADER;Nós não somos um líder desta guerra e não podemos chamar os nossos aliados para ela;N'étant pas leader de cette guerre, nous ne pouvons pas faire appel à nos alliés.;Wir sind nicht Anführer dieses Kriegs und können daher unsere Verbündeten nicht zur Intervention auffordern.;;No somos líderes en esta guerra y no podemos involucrar a nuestros aliados en ella;;;;;;;;;x
LEDGER_NEXT;Próximo;Suivant;Weiter;;Siguiente;;;;;;;;;x
LEDGER_PREV;Anterior;Précédent;Zurück;;Anterior;;;;;;;;;x
MEC_544;Schleswig-Holstein;Slesvig-Holstein;Schleswig-Holstein;;Schleswig-Holstein;;;;;;;;;x
COUNTRYALERT_CanIncreaseOpinion;Nós podemos §YAumentar a opinião§W da nossa nação ou adicionar nações para a nossa §YEsfera de influencia§W:;Nous pouvons §Yaméliorer l'opinion§W de notre nation ou ajouter des nations à notre §Ysphère d'influence§W :;Wir können eine §YMeinungssteigerung§W über unsere Nation erwirken oder Nationen unserer §YEinflusssphäre§W hinzufügen:;;Podemos §YMejorar la opinión§W de nuestra nación o añadir naciones a nuestra §YEsfera de influencia§W:;;;;;;;;;x
COUNTRYALERT_NO_CanIncreaseOpinion;Não podemos melhorar a opinião da nossa nação ou adicionar nações para a nossa §YEsfera de influencia§W;Nous ne pouvons pas améliorer l'opinion de notre nation ou ajouter des nations à notre §Ysphère d'influence§W.;Wir können die Meinung über unsere Nation nicht steigern oder Nationen unserer §YEinflusssphäre§W hinzufügen:;;No podemos mejorar la opinión de nuestra nación o añadir naciones a nuestra §YEsfera de influencia§W;;;;;;;;;x
COLONY_SUCCESS_LOG;Conseguimos colonizar $TARGET$.;Nous avons réussi à coloniser $TARGET$.;Wir haben $TARGET$ erfolgreich kolonisiert.;;Hemos conseguido colonizar $TARGET$.;;;;;;;;;x
COLONY_FAIL_LOG;$OTHER$ conseguiu colonizar $TARGET$.;$OTHER$ a réussi à coloniser $TARGET$ avant nous.;$OTHER$ hat es geschafft, $TARGET$ vor uns zu kolonisieren.;;$OTHER$ ha conseguido colonizar $TARGET$ antes que nosotros.;;;;;;;;;x
american_cultures;Culturas americanas;Cultures américaines;Amerikanische Kulturen;;Culturas americanas;;;;;;;;;x
CANT_USE_LAST_WAR_GOALS;Selecionar esse objetivo militar poderia por um fim a guerra e só pode ser feito em um acordo de paz com o líder de guerra;La sélection de cet objectif de guerre mettra fin à la guerre, mais nécessite un accord de paix avec le leader.;Die Auswahl dieses Kriegsziels würde den Krieg beenden. Dies ist nur in einem Friedensvertrag mit dem Kriegsführer möglich.;;Seleccionar este objetivo bélico pondría fin a la guerra y solo puede llevarse a cabo en un acuerdo de paz con el líder de la guerra;;;;;;;;;x
tut_6a_13;Para melhorar a produção industrial da Bélgica precisamos de mais trabalhadores industriais, clique no ícone de artesão para definir como foco.;Pour améliorer la production industrielle de la Belgique, il vous faut davantage d'ouvriers. Cliquez sur l'icône des travailleurs pour définir cette cause.;Zur Verbesserung von Belgiens Industrieproduktion benötigen wir mehr Industriearbeiter. Klicken Sie auf das Facharbeitersymbol, um einen Fokus darauf zu legen.;;Para mejorar la producción industrial de Bélgica necesitamos más obreros. Haz clic en el icono de obreros para establecer esta prioridad.;;;;;;;;;x
DEN_251;Islândia e Gronelândia;Islande et Groenland;Island & Grönland;;Islandia y Groenlandia;;;;;;;;;x
CANCELALLIANCE_THEY_ACCEPT_BTN2;Aceitar;OK;OK;OK;Aceptar;OK;Rendben;OK;;;;;;x
CANCELALLIANCE_THEY_ACCEPT_BTN3;Ir para;Aller à;Go to;IdŸ do;Ir allí;Andare;Menj ide:;Pøejít na;;;;;;x
tut_1b_19;Por agora, atribua manualmente o nosso general. Vá em frente e selecione a sua divisão em Spa.;Pour le moment, vous allez affecter votre général manuellement. Allez-y, sélectionnez la division présente à Spa.;Für Erste werden wir unseren General manuell zuteilen. Wählen Sie dazu Ihre Division in Spa aus.;;De momento, asignaremos manualmente a nuestro general. Sigue adelante y selecciona tu división en Spa.;;;;;;;;;x
TOPBAR_DEC_SPEED;Diminuir velocidade;Ralentir;Geschwindigkeit reduzieren;;Disminuir velocidad;;;;;;;;;x
fort;Forte;Fort;Fort;;Fuerte;;;;;;;;;x
fort_short;Forte;fort;Fort;;Fuerte;;;;;;;;;x
#TOPBAR_DEC_SPEED;Diminuir velocidade;Ralentir;Geschwindigkeit reduzieren;;Disminuir velocidad;;;;;;;;;x
IS_GREAT_NATION;É uma grande potência;Est une grande puissance;Ist Großmacht;;Es una gran potencia;;;;;;;;;x
NO_DEMOTION;Não haverá despromoções este mês.;Il n'y aura aucune rétrogradation ce mois-ci.;Diesen Monat gibt es keine Degradierungen.;;Este mes no habrá degradaciones.;;;;;;;;;x
NO_PROMOTION;Não haverá promoções este mês.;Il n'y aura aucune promotion ce mois-ci.;Diesen Monat gibt es keine Beförderungen.;;Este mes no habrá ascensos.;;;;;;;;;x
INCREASEOPINION_THEY_ACCEPT_MAP;Opinião melhorada;Opinion en hausse;Meinung erhöht;;Opinión mejorada;;;;;;;;;x
INCREASEOPINION_WE_ACCEPT_MAP;Opinião melhorada;Opinion en hausse;Meinung erhöht;;Opinión mejorada;;;;;;;;;x
DECREASEOPINION_THEY_ACCEPT_MAP;Opinião piorada;Opinion en baisse;Meinung verringert;;Opinión empeorada;;;;;;;;;x
DECREASEOPINION_WE_ACCEPT_MAP;Opinião piorada;Opinion en baisse;Meinung verringert;;Opinión empeorada;;;;;;;;;x
ADDTOSPHERE_THEY_ACCEPT_MAP;Adicionado a esfera;Ajouté à la sphère;Zu Einflusssphäre hinzugefügt;;Añadida a la esfera;;;;;;;;;x
ADDTOSPHERE_WE_ACCEPT_MAP;Adicionado a esfera;Ajouté à la sphère;Zu Einflusssphäre hinzugefügt;;Añadida a la esfera;;;;;;;;;x
REMOVEFROMSPHERE_THEY_ACCEPT_MAP;Removido da esfera;Retiré de la sphère;Aus Einflusssphäre entfernt;;Retirada de la esfera;;;;;;;;;x
REMOVEFROMSPHERE_WE_ACCEPT_MAP;Removido da esfera;Retiré de la sphère;Aus Einflusssphäre entfernt;;Retirada de la esfera;;;;;;;;;x
INCREASERELATION_THEY_ACCEPT_MAP;Relação melhorada;Relation améliorée;Beziehung verbessert;;Relación mejorada;;;;;;;;;x
INCREASERELATION_WE_ACCEPT_MAP;Relação melhorada;Relation améliorée;Beziehung verbessert;;Relación mejorada;;;;;;;;;x
DECREASERELATION_THEY_ACCEPT_MAP;Relação piorada;Relation détériorée;Beziehung verschlechtert;;Relación empeorada;;;;;;;;;x
DECREASERELATION_WE_ACCEPT_MAP;Relação piorada;Relation détériorée;Beziehung verschlechtert;;Relación empeorada;;;;;;;;;x
WETARGET_DISCREDIT_MAP;Desacreditado!;Discrédité !;In Verruf gebracht!;;¡Desacreditado!;;;;;;;;;x
WETARGET_EXPELADVISORS_MAP;Conselheiros expulsos!;Conseillers expulsés !;Berater ausgewiesen!;;¡Consejeros expulsados!;;;;;;;;;x
WETARGET_BANEMBASSY_MAP;Embaixada proibida!;Ambassade interdite !;Botschaft verbannt!;;¡Embajada cerrada!;;;;;;;;;x
WETARGET_DECREASEOPINION_MAP;Opinião diminuída!;Opinion en baisse !;Meinung verringert!;;¡Opinión empeorada!;;;;;;;;;x
WETARGET_REMOVEFROMSPHERE_MAP;Removido da esfera!;Retiré de la sphère !;Aus Einflusssphäre entfernt!;;¡Retirada de la esfera!;;;;;;;;;x
womens_suffrage_movement;Movimento sufragista das mulheres;Mouvement des suffragettes;Frauenrechtsorganisation;;Movimiento sufragista femenino;;;;;;;;;x
WAR_GOOD_RELATION;Boas relações (§Y$REL$§W) e consciência média (§Y$CON$§W): ;Bonnes relations (§Y$REL$§W) et conscience nationale moyenne (§Y$CON$§W) : ;Gute Beziehungen (§Y$REL$§W) und durchschnittliches Bewusstsein (§Y$CON$§W):;;Buenas relaciones (§Y$REL$§W) y conciencia media (§Y$CON$§W): ;;;;;;;;;x
make_slave;Criar estado escravista;Créer un État esclavagiste;Sklavereistaat erstellen;;Crear estado esclavista;;;;;;;;;x
make_free;Criar estado livre;Créer un État libre;Freistaat erstellen;;Crear estado libre;;;;;;;;;x
POP_OTHER_CULT;Outro;Autres;Andere;;Otra;;;;;;;;;x
BLOCKADED_PEACE;Bloqueado;Sous blocus;Blockiert;;Bloqueada;;;;;;;;;x
PRODUCTION_DESTROY_FACTORY_BECAUSE_TOOLTIP;Estamos autorizados a destruir esta fábrica, porque:\n;Nous sommes autorisés à détruire cette usine car :\n;Wir können diese Fabrik aus folgenden Gründen zerstören:\n;;Podemos destruir esta fábrica porque:\n;;;;;;;;;x
#PRODUCTION_NOT_DESTROY_FACTORY_BECAUSE_TOOLTIP;Estamos autorizados a destruir esta fábrica, porque:\n;Nous sommes autorisés à détruire cette usine car :\n;Wir können diese Fabrik aus folgenden Gründen zerstören:\n;;Podemos destruir esta fábrica porque:\n;;;;;;;;;x
RULE_DESTROY_FACTORY;Destruir Fábricas;Détruire les usines;Fabriken zerstören;;Destruir fábricas;;;;;;;;;x
INCREASE_RELATION_MAX;Não podemos obter melhores relações com ;Nous ne pouvons pas entretenir de meilleures relations avec ;Keine besseren Beziehungen möglich zu;;No podemos mejorar más las relaciones con ;;;;;;;;;x
DECREASE_RELATION_MAX;Não podemos piorar as relações com ;Nous ne pouvons pas entretenir de pires relations avec ;Keine schlechteren Beziehungen möglich zu;;No podemos empeorar más las relaciones con ;;;;;;;;;x
BANKRUPTCY_SETUP;Quando temos uma falência;Si nous faisons faillite;Wenn wir in Konkurs gehen;;Cuando tengamos una bancarrota;;;;;;;;;x
BANKRUPTCY_HEADER;$MESSENGER$;$MESSENGER$;$MESSENGER$;;$MESSENGER$;;;;;;;;;x
BANKRUPTCY_1;Falência!;Faillite !;Konkurs!;;¡Bancarrota!;;;;;;;;;x
BANKRUPTCY_2;Fomos forçados a declarar falência.;Nous avons été réduits à la faillite.;Wir wurden gezwungen, Konkurs anzumelden.;;Nos hemos visto obligados a declararnos en bancarrota.;;;;;;;;;x
BANKRUPTCY_3;Todos os nossos empréstimos foram cancelados,;Tous nos emprunts ont été soldés,;Sämtliche unserer Darlehen wurden gelöscht,;;Todos nuestros préstamos han sido saldados,;;;;;;;;;x
BANKRUPTCY_4;mas isso tem causado grande preocupação entre a população;mais notre population est inquiète;aber dies hat unter unserer Bevölkerung große Besorgnis hervorgerufen;;pero ello ha causado una gran preocupación entre nuestra población;;;;;;;;;x
BANKRUPTCY_5;e estamos perdendo muito prestígio nos olhos do mundo.;et nous avons perdu une bonne partie de notre prestige aux yeux du reste du monde.;und wir haben in den Augen der Welt viel Prestige eingebüßt.;;y hemos perdido mucho prestigio a los ojos del mundo.;;;;;;;;;x
BANKRUPTCY_6;Nos futuro, os bancos serão mais hesitante em nos emprestar dinheiro.;À l'avenir, les banques hésiteront à nous prêter de l'argent.;In Zukunft werden uns Banken zögerlicher Geld leihen.;;En el futuro, los bancos serán más reacios a prestarnos dinero.;;;;;;;;;x
BANKRUPTCY_LOG;Nós fomos à falência.;Nous avons fait faillite.;Wir sind Konkurs gegangen.;;Nos hemos declarado en bancarrota.;;;;;;;;;x
BANKRUPTCY_BTN1;Isto não é bom;Ce n'est pas une bonne nouvelle.;Das ist nicht gut.;;No es buena cosa;;;;;;;;;x
THEY_BANKRUPTCY_SETUP;Outro país vai à falência;un autre pays a fait faillite;ein anderes Land hat Konkurs angemeldet.;;Otro país se ha declarado en bancarrota;;;;;;;;;x
THEY_BANKRUPTCY_HEADER;$MESSENGER$;$MESSENGER$;$MESSENGER$;;$MESSENGER$;;;;;;;;;x
THEY_BANKRUPTCY_1;Falência!;Faillite !;Konkurs!;;¡Bancarrota!;;;;;;;;;x
THEY_BANKRUPTCY_2;$COUNTRY$;$COUNTRY$;$COUNTRY$;;$COUNTRY$;;;;;;;;;x
THEY_BANKRUPTCY_3;foram forçados a declarar falência.;a été réduit à la faillite.;ist gezwungen worden, Konkurs anzumelden.;;se ha visto obligado a declararse en bancarrota.;;;;;;;;;x
THEY_BANKRUPTCY_4;*;*;*;;*;;;;;;;;;x
THEY_BANKRUPTCY_5;*;*;*;;*;;;;;;;;;x
THEY_BANKRUPTCY_6;*;*;*;;*;;;;;;;;;x
THEY_BANKRUPTCY_LOG;$COUNTRY$ Faliu.;$COUNTRY$ a fait faillite.;$COUNTRY$ ist Konkurs gegangen.;;$COUNTRY$ se ha declarado en bancarrota.;;;;;;;;;x
THEY_BANKRUPTCY_BTN1;Aceitar;OK;Ok;;Aceptar;;;;;;;;;x
LIT_CHANGE;Variação mensal;Évolution mensuelle;Monatliche Veränderung;;Cambio mensual;;;;;;;;;x
precious_metal_desc;Metais preciosos não são vendidos como produtos normais, mas diretamente convertido em dinheiro.;Contrairement aux autres marchandises, les métaux précieux ne se vendent pas. Ils sont directement convertis en monnaie.;Edelmetalle werden nicht als normale Güter verkauft, sondern direkt in Geld umgewandelt.;;Los metales preciosos no se venden como mercancías normales, sino que se convierten directamente en dinero.;;;;;;;;;x
DIPLOMACY_CANNOT_SET_PRIO_BANNED;Não podemos influenciar esta nação se a nossa embaixada estiver proibida;Nous ne pouvons pas influencer cette nation, car notre ambassade y est interdite.;Wir können diese Nation nicht beeinflussen, weil unsere Botschaft verbannt wurde.;;No podemos influir en esta nación, ya que nuestra embajada ha sido cerrada;;;;;;;;;x
PROV1723;Balboa;Balboa;Balboa;;Balboa;;;;;;;;;x
PROV353;Ösel;Ösel;Ösel;;Ösel;;;;;;;;;x
MILITARY_MOBILIZE;Mobilizar nossas Forças Armadas;Mobiliser nos forces armées;Mobilisierung unserer Streitkräfte;;Movilizar nuestras fuerzas armadas;;;;;;;;;x
MILITARY_MOBILIZE_DESC;Além do nosso exército permanente, o seu país também pode, em caso de guerra, recorrer a recursos adicionais sob a forma de direitos niveladores a soldados recrutas. Ao ordenar a mobilização, os nossos exércitos recrutados começará acumular nos principais centros populacionais, e iniciar os preparativos para a guerra completa. Enquanto a mobilização pode ser essencial para a superação de uma invasão inimiga considerável, devemos sempre ser cauteloso por causa do impacto sobre a economia nacional.;Outre son armée de métier, en cas de guerre, notre pays peut aussi avoir recours à la conscription. Lorsqu'un ordre de mobilisation est émis, nos armées de conscrits se rassemblent dans les principaux centres démographiques et se préparent à engager une guerre totale. Si la mobilisation est essentielle pour repousser une invasion ennemie d'envergure, mieux vaut se méfier de son impact sur l'économie nationale.;Zusätzlich zu unserem stehenden Heer kann unser Land in Kriegszeiten durch den Einzug Wehrpflichtiger zusätzliche Truppen ausheben. Nach Erhalt des Mobilisierungsbefehls versammeln sich unsere Wehrpflichtigenarmeen in großen Ballungsräumen und beginnen mit ihren Vorbereitungen für den Kriegseinsatz. Während die Mobilisierung beispielsweise zur Abwehr einer größeren Invasion notwendig sein könnte, müssen wir vor ihren Auswirkungen auf die nationale Wirtschaft auf der Hut sein.;;Además de nuestro ejército permanente, nuestro país, en caso de guerra, también puede contar con recursos adicionales en forma de levas. Al ordenar la movilización, se empezarán a formar nuestros ejércitos reclutados en los principales centros de población y se iniciarán los preparativos para la guerra. Aunque la movilización puede resultar esencial para afrontar una invasión enemiga de gran envergadura, siempre debemos ser conscientes de su impacto en la economía nacional.;;;;;;;;;x
MILITARY_DEMOBILIZE;Desmobilizar nossas Forças Armadas;Démobiliser nos forces armées;Demobilisierung unserer Streitkräfte;;Desmovilizar nuestras fuerzas armadas;;;;;;;;;x
MILITARY_DEMOBILIZE_DESC;Ao dar a ordem para se retirar, nossos exércitos recrutados vai deixar o campo de batalha e voltar para suas casas. Embora qualquer país devastado pelos problemas da guerra, certamente anseia por um retorno à normalidade, antes de embainhar a espada faria bem ter a garantia de que a guerra está ganha.;Lorsqu'un ordre de démobilisation est émis, nos conscrits quittent le champ de bataille pour rentrer chez eux. Comme tout pays ravagé par la guerre, nous sommes impatients de retrouver une vie normale, mais pour cela, nous devons d'abord gagner la guerre.;Nach Erhalt des Demobilisierungsbefehls verlassen unsere Wehrpflichtigenarmeen die Schlachtfelder und kehren nach Hause zurück. Obwohl sich jedes von den Sorgen des Krieges verheerte Land nach der Rückkehr zur Normalität sehnt, sollten wir sicher sein, dass der Krieg auch gewonnen ist, bevor wir das Schwert in die Scheide stecken.;;Al dar la orden de cesar la alarma, nuestros ejércitos reclutados abandonarán el campo de batalla y regresarán a sus hogares. Aunque un país asolado por las adversidades de la guerra anhela, cómo no, recuperar la normalidad, antes de envainar la espada haríamos bien en asegurarnos de que la guerra está ganada.;;;;;;;;;x
BE_TECH;Tecnologias:;Technologies :;Technologien:;;Tecnologías:;;;;;;;;;x
BE_INVENT;Invenções:;Inventions :;Erfindungen:;;Inventos:;;;;;;;;;x
TOPBAR_DIPLOPOINTS_GAIN;Ganhamos §Y$VALUE$§W pontos diplomáticos por mês;Nous gagnons §Y$VALUE$§W points diplomatiques par mois.;Wir erhalten monatlich §Y$VALUE$§W Diplomatiepunkte.;;Obtenemos §Y$VALUE$§W puntos de diplomacia cada mes;;;;;;;;;x
TOPBAR_DIPLOPOINTS_BASEGAIN;Ganho Base: §Y$VALUE$§W pontos diplomáticos;Gain de base : §Y$VALUE$§W points diplomatiques;Basis-Zugewinn: §Y$VALUE$§W Diplomatiepunkte.;;Ganancia base: §Y$VALUE$§W puntos de diplomacia;;;;;;;;;x
MOBILISE;Mobilizar;Mobiliser;Mobilisieren;;Movilizar;;;;;;;;;x
DEMOBILISE;Desmobilizar;Démobiliser;Demobilisieren;;Licenciar;;;;;;;;;x
#BE_INVENT;Invenções:;Inventions :;Erfindungen:;;Inventos:;;;;;;;;;x
THE_WORLD_IN;O mundo em $YEAR$;Le monde en $YEAR$;Die Welt des Jahres $YEAR$;;El mundo en $YEAR$;;;;;;;;;x
TECHNOLOGY_ACTIVATION_YEAR;Ano de ativação:;Année d'activation :;Aktivierungsjahr:;;Año activación:;;;;;;;;;x
TECHNOLOGY_RESEARCH_POINTS;Pontos de pesquisa:;Points de recherche :;Forschungspunkte:;;Ptos. investigación:;;;;;;;;;x
tut_8c_12;Em Victoria 2 você precisa colocar um objetivo militar para qualquer guerra. Você só pode selecionar os objetivos militares, você pode ver na janela de declaração de guerra. Esteja ciente de que esses objetivos militares são a única coisa que você pode exigir em paz. \n Clique em Mostrar Guerras para verificar os objetivos militares;Dans Victoria 2, toute guerre déclarée nécessite un objectif. Tous les objectifs de guerre disponibles se trouvent à droite de la fenêtre de déclaration de guerre. Attention, ces objectifs sont les seules choses que vous pouvez réclamer en temps de paix. \n Cliquez sur la vue Afficher les guerres pour consulter les objectifs de guerre.;In Victoria 2 müssen Sie für jeden Krieg, den Sie starten, ein Kriegsziel festlegen. Sie können nur die Kriegsziele auswählen, die Sie rechts im Popup-Fenster Kriegserklärungen sehen. Beachten Sie, dass diese Kriegsziele beschränken, was Sie bei Friedensverhandlungen fordern können. \n Prüfen Sie Ihre Kriegsziele, indem Sie auf Kriege zeigen klicken.;;En Victoria 2 tienes que fijar un objetivo bélico para cada guerra que inicies. Solo puedes seleccionar los objetivos bélicos que aparecen en el lado derecho de la ventana emergente de Declaración de guerra. Ten en cuenta que esos objetivos bélicos son lo único que puedes exigir en caso de paz. \nPara revisar los objetivos bélicos, haz clic en la vista Mostrar guerras.;;;;;;;;;x
tut_6b_14;Agora clique em 'próximo' para continuar.;Cliquez sur Suivant pour continuer.;Klicken Sie zum Fortfahren auf Weiter.;;Ahora, haz clic en Siguiente para continuar.;;;;;;;;;x
tut_8a_7;Para tentar aliar com o Reino Unido é preciso tomar uma ação diplomática. Ações diplomáticas pode ser desde solicitar uma aliança até declarar guerra. Para executar uma ação diplomática precisamos ter pontos diplomáticos, que são acumulados mensalmente. Se olhar na barra superior debaixo a diplomacia, podemos ver que temos alguns pontos que podem ser usados, podemos ver que temos mais pontos que preciso para formar uma aliança. Vá em frente e pressione a ação 'formar aliança' e, em seguida, pressione o botão "Aceitar" para sugerir uma aliança com o Reino Unido.;Pour tenter de vous allier avec le Royaume-Uni, vous devez mener une action diplomatique. Les actions diplomatiques vont de la demande d'alliance à la déclaration de guerre. Pour mener une action diplomatique, il vous faut des points diplomatiques. Ces points s'accumulent tous les mois. Sur la barre supérieure, sous Diplomatie, vous pouvez constater que vous avez suffisamment de points pour couvrir le coût de l'action Former une alliance (1 point). Cliquez sur l'action Former une alliance, puis sur le bouton Accepter pour proposer une alliance au Royaume-Uni.;Zur Unterbreitung eines Bündnisangebots an Großbritannien müssen wir eine diplomatische Aktion unternehmen. Diplomatische Aktionen können alles von Bündnisangeboten bis hin zu Kriegserklärungen sein. Zum Ausführen einer diplomatischen Aktion müssen wir diplomatische Punkte haben, die wir auf monatlicher Basis erlangen. Wenn Sie in der Kopfleiste unter Diplomatie nachsehen, stellen Sie fest, dass wir 1 Punkt haben, und genau so viel kostet die Aktion Bündnis bilden auch. Klicken Sie nun auf die Schaltfläche Bündnis bilden und bestätigen Sie Ihr Bündnisangebot an Großbritannien dann durch Klicken auf die Schaltfläche Akzeptieren.;;Para intentar aliarnos con el Reino Unido debemos emprender una acción diplomática. Las acciones diplomáticas pueden abarcar desde solicitudes de alianza a declaraciones de guerra. Para llevar a cabo una acción diplomática, necesitamos puntos de diplomacia, que se acumulan mensualmente. Al mirar la barra superior, debajo de diplomacia, podemos ver que disponemos de más puntos que el 1 que cuesta la acción Formar alianza. Continúa y pulsa sobre de Formar alianza, y luego pulsa en 'Aceptar' para proponer una alianza con el Reino Unido.;;;;;;;;;x
TEMP_NEXT;Próximo;Suivant;Weiter;;Siguiente;;;;;;;;;x
BUDGET_EXPORTS;Vendas da reserva nacional: §Y$VAL$§W;Ventes des réserves nationales : §Y$VAL$§W;Verkäufe aus Nationalvorrat: §Y$VAL$§W;;Ventas de la reserva nacional: §Y$VAL$§W;;;;;;;;;x
BUDGET_IMPORTS;Compras da reserva nacional: §Y$VAL$§W;Achats des réserves nationales : §Y$VAL$§W;Käufe für Nationalvorrat: §Y$VAL$§W;;Compras de la reserva nacional: §Y$VAL$§W;;;;;;;;;x
bad_debter;Mal pagador;Mauvais payeur;Schlechter Schuldner;;Mal pagador;;;;;;;;;x
bad_debter_desc;Devido ao histórico da economia não confiável de seu país, os bancos aplicam a seus empréstimos com juros mais elevados.;Compte tenu des antécédents économiques de votre pays, les banques vous proposeront des emprunts aux taux d'intérêt élevés.;Aufgrund der traditionell unzuverlässigen Wirtschaft Ihres Landes werden Banken für ihre Darlehen künftig mehr Zinsen verlangen.;;Debido al historial de economía poco fiable de tu país, los bancos aplicarán a tus préstamos un interés más elevado.;;;;;;;;;x
MUST_NEGOTIATE_WITH_WAR_LEADER;Se não progredirmos em nossa guerra, temos que negociar com o §YLíder de guerra§W inimigo;À défaut de dominer la guerre que nous menons, nous devons négocier avec le §Ychef de guerre§W ennemi.;Wenn wir den Krieg nicht anführen, müssen wir mit dem feindlichen §YKriegsführer§W verhandeln.;;Si no progresamos en nuestra guerra, tenemos que negociar con el §Líder de la guerra§Y enemigo;;;;;;;;;x
BAD_ADJ;Baden;Bade;Baden;;Baden;;;;;;;;;x
WAR_LEADER;§YLíder de guerra§W;§YChef de guerre§W;§YKriegsführer§W;;§YLíder de la guerra§W;;;;;;;;;x
MUST_NEGOTIATE_WITH_WAR_LEADER_NO_LEFTOVER_WARGOALS;Temos de negociar com o §YLíder de guerra§W inimigo, e fazer a paz com §Y$COUNTRY$§W e assim acabaria com a guerra;Nous devons négocier avec le §Ychef de guerre§W ennemi, car un accord de paix avec §Y$COUNTRY$§W mettrait fin à la guerre.;Wir müssen mit dem feindlichen §YKriegsführer§W verhandeln, da ein Friedensschluss mit §Y$COUNTRY$§W den Krieg beenden würde.;;Tenemos que negociar con el §YLíder de la guerra§W enemigo, ya que firmar la paz con §Y$COUNTRY$§W pondría fin a la guerra;;;;;;;;;x<
WARGOAL_DEMAND;§Y$COUNTRY$§W exige isso de §Y$ENEMY$§W;§Y$COUNTRY$§W exige ceci de §Y$ENEMY$§W;§Y$COUNTRY$§W verlangt dies von §Y$ENEMY$§W.;;§Y$COUNTRY$§W exige esto de §Y$ENEMY$§W;;;;;;;;;x
POP_DETAILS_PROMOTIONS;Promoções:;Promotions :;Beförderungen:;;Ascensos:;;;;;;;;;x
POP_DETAILS_DEMOTIONS;Despromoções:;Rétrogradations :;Degradierungen:;;Degradaciones:;;;;;;;;;x
NO_WAR_SPHERE_LEADER;Não pode entrar em uma guerra contra o líder da esfera.;Impossible de faire la guerre au leader de la sphère.;Kriege gegen Einflusssphären-Anführer nicht möglich.;;No podemos entrar en guerra con el líder de la esfera.;;;;;;;;;x
EVTNAME15310;A universidade flutuante;L'Université volante;Die Fliegende Universität;;La universidad flotante;;;;;;;;;x
GO_TO_DIPLOMACY;Ir para diplomacia;Aller à Diplomatie;Diplomatie;;Ir a Diplomacia;;;;;;;;;x
PROVINCE_CONTROL_DAYS_LATER_THAN;O controle da província não mudou nos últimos §Y$DAYS$§W dias.\n;Le contrôle de la province est resté inchangé depuis §Y$DAYS$§W jours.\n;Provinzkontrolle während der letzten §Y$DAYS$§W Tage unverändert.\n;;El control de la provincia no ha cambiado en los últimos §Y$DAYS$§W días.\n;;;;;;;;;x
PROVINCE_CONTROL_DAYS;O controle da província mudou nos últimos §Y$DAYS$§W dias.\n;Le contrôle de la province a changé au cours des §Y$DAYS$§W derniers jours.\n;Provinzkontrolle hat sich während der letzten §Y$DAYS$§W Tage geändert.\n;;El control de la provincia ha cambiado en los últimos §Y$DAYS$§W días.\n;;;;;;;;;x
ENFORCE_DEMANDS_TRIGGER;Estes rebeldes irão ganhar se se cumprir o seguinte:;Si ce qui suit est vrai, ces rebelles l'emporteront :;Diese Rebellen werden gewinnen, wenn Folgendes zutrifft:;;Estos rebeldes ganarán si se cumple lo siguiente:;;;;;;;;;x
tut_1a_40;Depois de ver a flecha de movimento ,retire o jogo da pausa para continuar.;Après l'apparition de la flèche de déplacement, quittez le mode Pause pour reprendre le jeu.;Wie Sie am Bewegungspfeil sehen können, läuft das Spiel nach Beendigung der Pause weiter.;;\nUna vez que veas la flecha de movimiento, quita la pausa del juego para ponerte en marcha.;;;;;;;;;x
EVTNAME15060;Primeiro banco agrícola;Première banque agricole;Erste Bauernbank;;First Farmer's Bank;;;;;;;;;x
POLITICS_REFORMS;Reformas;Réformes;Reformen;;Reformas;;;;;;;;;x
POLITICS_RELEASE_NATIONS;Liberar nações;Nations libérées;Nationen entlassen;;Liberar naciones;;;;;;;;;x
MILITARY_LEADER_NAME_TOOLTIP;§Y$NAME$§W está comandando §Y$ARMY$§W em §Y$LOCATION$§W;§Y$NAME$§W est aux commandes de §Y$ARMY$§W en §Y$LOCATION$§W.;§Y$NAME$§W befehligt §Y$ARMY$§W in §Y$LOCATION$§W;;§Y$NAME$§W está al mando de: §Y$ARMY$§W en §Y$LOCATION$§W;;;;;;;;;x
hms_government;Governo de Sua Majestade;Gouvernement de sa Majesté;Ihrer Majestät Regierung;;Gobierno de Su Majestad;;;;;;;;;x
EVTNAME19310;O Mandato do Céu;Le Mandat céleste;Das Mandat des Himmels;;El Mandato del Cielo;;;;;;;;;x
EVTDESC19310;O 'Mandato do Céu', é um conceito filosófico chinês tradicional a respeito da legalidade dos lideres,  que tem sido históricamente usado por ambos para justificar e motivar o poder monárquico. Com a nossa recente promoção para a categoria de grande potência, nossos súditos voltam a ficar convencido que o governo quer o 'Mandato do Céu'.;"Le ""Mandat céleste"" est un concept philosophique chinois, semblable au concept occidental du droit divin des rois, utilisé au cours de l'histoire pour justifier et motiver le pouvoir monarchique. Grâce à notre récent accès au statut de grande puissance, nos sujets sont de nouveau convaincus du bien-fondé du Mandat céleste pour notre gouvernement.";Das 'Mandat des Himmels' ist ein Konzept der chinesischen Philosophie, das dem westlichen Konzept des Gottesgnadentums entspricht, und in der Geschichte zur Rechtfertigung und Veranlassung monarchischer Macht benutzt wurde. Nach unserem kürzlichen Aufstieg zur Großmacht sind unsere Untertanen wieder davon überzeugt, dass wir das Mandat des Himmels haben.;;El 'Mandato del Cielo' es un concepto de la filosofía china, similar al concepto occidental del derecho divino de los reyes, utilizado históricamente tanto para justificar como para motivar el poder monárquico. Con nuestro reciente ascenso a la categoría de gran potencia, nuestros súbditos vuelven a estar convencidos de que nuestro gobierno goza del Mandato del Cielo.;;;;;;;;;x
EVTOPTA19310;Excelente!;Excellent !;Hervorragend!;;¡Excelente!;;;;;;;;;x
EVTNAME19320;O Império do Sol Nascente;L'Empire du Soleil;Das Reich der Sonne;;El Imperio del Sol;;;;;;;;;x
EVTDESC19320;Japão, o país do sol nascente. Por muitos anos, desde que os navios negros de Gaijin apareceu nas nossas costas, nossa nação navegou por potências superiores a nós. Com a nossa recente ascensão ao status de grande potência, agora a maré virou para o nosso lado. A partir de agora deixe que os ventos repulsem e quebre qualquer estrangeiro que se atreva a entrar nas ondas das margens do nosso sagrado japão!;Le Japon, le pays du Soleil levant. Depuis l'apparition des premiers navires gaijin sur nos côtes il y a des années, notre nation vit dans l'ombre de puissances supérieures à la nôtre. Mais grâce à notre récent accès au statut de grande puissance, les vents ont tourné. Dorénavant, ils repousseront toute vague étrangère qui osera balayer les côtes sacrées de la grande puissance qu'est le Japon !;Japan, das Land der aufgehenden Sonne. Seit vielen Jahren, seit die schwarzen Schiffe der Ausländer erstmals vor unseren Küsten erschienen, segelt unsere Nation im Kielwasser von Mächten, die uns überlegen sind. Durch unseren kürzlichen Aufstieg zur Großmacht hat sich nun das Schicksal gewendet. Von jetzt an werden die Winde alle ausländischen Wellen zurückweisen und brechen, die es wagen, an die heiligen Küsten der Großmacht Japans zu schwappen!;;Japón, la tierra del sol naciente. Durante muchos años, desde que las negras naves de los gaijin aparecieron por primera vez en nuestras costas, nuestra nación ha navegado a remolque de potencias mayores que nosotros. Con nuestro reciente ascenso a la categoría de gran potencia, las mareas de la fortuna han cambiado. ¡A partir de ahora, dejemos que los vientos repelan y rompan cualquier ola extranjera que ose inundar las sagradas orillas de la gran potencia de Japón!;;;;;;;;;x
EVTOPTA19320;Banzai!;Banzai !;Banzai!;;¡Banzai!;;;;;;;;;x
form_union_nation_title;Formar $CULTURE_GROUP_UNION$;Formation de $CULTURE_GROUP_UNION$;$CULTURE_GROUP_UNION$ gründen;;Formar $CULTURE_GROUP_UNION$;;;;;;;;;x
form_union_nation_desc;Nossa posição domante entre nossos irmãos culturais nos coloca na posiçãod e formar uma nova entidade: $CULTURE_GROUP_UNION$.;Notre position dominante parmi nos frères culturels nous permet de former $CULTURE_GROUP_UNION$.;Unsere dominante Position unter unseren kulturellen Brüdern hat uns in die Position gebracht, $CULTURE_GROUP_UNION$ zu gründen.;;Nuestra posición dominante entre nuestros hermanos culturales nos coloca en posición de formar una nueva entidad: $CULTURE_GROUP_UNION$.;;;;;;;;;x
BE_SECOND_RANK;Potência secundaria;Puissance de second rang;Großmacht zweiten Ranges;;Potencia menor;;;;;;;;;x
COUNTRYALERT_HasUnemployedWorkers;Os seguintes estados tem trabalhadores de fabricas desempregados:;Les États suivants ont des ouvriers au chômage :;In den folgenden Staaten gibt es arbeitslose Fabrikarbeiter:;;Los siguientes estados tienen trabajadores de fábricas desempleados:;;;;;;;;;x
#TOPBAR_POPULATION;Nossa população adulta masculina  é $CURR$. Nossa população masculina adulta foi mudada por aproximadamente, $CHANGE$ por mês.;Notre population masculine adulte s'élève à $CURR$. Notre population masculine adulte a évolué d'environ $CHANGE$ par mois.;Unsere aktuelle männliche Bevölkerung ist $CURR$. Unsere männliche Bevölkerung ändert sich monatlich um ungefähr $CHANGE$.;;Nuestra población adulta masculina es de $CURR$. Nuestra población adulta masculina cambia cada mes en $CHANGE$, aproximadamente.;;;;;;;;;x
TOPBAR_POPULATION_VISUAL;Nossa total população é $CURR$.;Notre population totale s'élève à $CURR$.;Unsere Gesamtbevölkerung ist $CURR$.;;Nuestra población total es de $CURR$.;;;;;;;;;x
BUILD_COLONIAL;Estado não colonial;État non colonial;Nicht-Koloniestaat;;Estado no colonial;;;;;;;;;x
EVTNAME60080;O Caminho da Servidão;La route du servage;Der Weg in die Leibeigenschaft;;Camino de servidumbre;;;;;;;;;x
EVTDESC60080;Ultimamente, uma sensação estranha está rondando no ar, e que $COUNTRY$ está crescendo em silencio. Onde antes você poderia ouvir a livre troca de opiniões e idéias, desde as esquinas e paradas de ônibus até os bares e universidades, agora só é possível ouvir ecos do silêncio. A conclusão está se tornando cada vez mais clara, que a democracia $COUNTRY_ADJ$ está comprometida. em $COUNTRY$, ao menos, o governo do povo e para o povo está desaparecendo da terra.;Vous avez récemment eu la désagréable impression de voir $COUNTRY$ sombrer dans le silence. Là où chacun pouvait autrefois s'exprimer librement, aussi bien dans les rues que dans les bars ou sur les bancs des universités, un silence pesant règne désormais. La conclusion est plus qu'évidente : la tradition démocratique $COUNTRY_ADJ$ a disparu. En $COUNTRY$, au moins, la gouvernance populaire a disparu.;In letzter Zeit hat Sie ein unheimliches Gefühl befallen, denn aus $COUNTRY$ hört man nichts mehr. Wo vorher freie Meinungsäußerung herrschte und an Straßenecken, Bushaltestellen, in Bars und Universitäten Ideen diskutiert wurden, herrscht nun Totenstille. Es wird immer offensichtlicher, dass die traditionelle $COUNTRY_ADJ$ Demokratie unterwandert worden ist. Zumindest in $COUNTRY$ ist die Regierung des Volkes wie vom Erdboden verschwunden.;;Últimamente, te ha asaltado la extraña sensación de que un creciente silencio se ha adueñado de $COUNTRY$. Donde antes se podía oír el libre intercambio de opiniones e ideas, desde las esquinas y las paradas de autobuses hasta los bares y las universidades, ahora solo resuenan los ecos del silencio. La conclusión que se hace cada vez más evidente es que la democracia $COUNTRY_ADJ$ está en entredicho. En $COUNTRY$, al menos, el gobierno del pueblo y para el pueblo se ha esfumado.;;;;;;;;;x
EVTOPTA60080;Muahahaha!;Mouah ha ha ha !;Muahahaha!;;¡Muahahaha!;;;;;;;;;x
EVTNAME14210_sub;Tudo o que dizem é 'Dê uma chance de paz!';Tout ce qu'ils veulent, c'est que l'on donne une chance à la paix !;Und dabei sangen sie 'Give Peace a Chance!';;¡Todo lo que dicen es 'Give Peace a Chance'!;;;;;;;;;x
EVTNAME14040;Amor & Guerra;Amour et guerre;Liebe & Kriege;;Amor y guerra;;;;;;;;;x
REL_SPHERE_OF_INFLUENCE;Em esfera;Dans la sphère;In Einflusssphäre;;Esfera;;;;;;;;;x
status_quo_short;Status Quo;Statu quo;Status Quo;;Mantener el statu quo;;;;;;;;;x
TOTAL_AMOUNT_OF_SHIPS;Numero total de navios: $COUNT$;Nombre total de navires : $COUNT$;Gesamtzahl an Schiffen: $COUNT$;;Cantidad total de barcos: $COUNT$;;;;;;;;;x
LESS_AMOUNT_OF_SHIPS;Quantidade de navios menos que: $COUNT$;Nombre de navires inférieur à : $COUNT$;Weniger Schiffe als: $COUNT$;;Menos cantidad de barcos que: $COUNT$;;;;;;;;;x
tut_3a_21b;Tente pedir um empréstimo clicando no botão de pedir empréstimo, deslize para o valor desejado e pressione 'Aceitar'.;Pour souscrire un emprunt, cliquez sur le bouton Emprunter, déplacez le curseur jusqu'au montant de votre choix, puis cliquez sur OK.;Versuchen Sie nun, über die Schaltfläche Darlehen aufnehmen ein Darlehen aufzunehmen. Ziehen Sie den Schieberegler, bis Sie den gewünschten Betrag sehen und klicken Sie dann auf Weiter.;;Prueba a pedir un préstamo pulsando el botón de Pedir préstamo, desplaza el control deslizante hasta obtener la cantidad deseada y pulsa Aceptar.;;;;;;;;;x
REVANCHISM_EXPLANATION;Revanchismo (do francês revanche, "vingança"), é uma manifestação política da vontade de reverter as perdas territoriais sofridas pelo país. Com o amor, guerra e paz, eles estarão dispostos a fazer os maiores sacrifícios para recuperar a terra sagrada.;Le revanchisme est une attitude politique inspirée par l'esprit de revanche (après une défaite). Notre peuple est prêt à tous les sacrifices pour retrouver son sol sacré.;Revanchismus ist vom französischen Wort für Rache abgeleitet und steht für den Wunsch nach der Wiedererlangung verlorener Territorien einer Nation. Im Krieg wie im Frieden ist unsere Bevölkerung gewillt, für die Wiedererlangung unseres heiligen Territoriums größere Opfer zu bringen.;;El revanchismo, palabra que procede del término francés empleado para expresar 'venganza', es el ansia de recuperar territorios perdidos por la nación. Como en el amor, en la guerra y en la paz, nuestro pueblo estará dispuesto a realizar los mayores sacrificios para recuperar nuestro sagrado suelo.;;;;;;;;;x
EVTNAME14120_sub;Política religiosa debatida nas eleições locais;Politique religieuse débattue lors d'élections locales;Debatte über Kriegspolitik bei Lokalwahl;;Política religiosa debatida en las elecciones locales;;;;;;;;;x
tut_8c_10;Se você baixou de posição, ainda não está tudo perdido, e você será avisado, assim pode tentar resolver o problema. Uma maneira de evitar este desastre é, naturalmente, a guerra. Quer aumentar o seu prestígio ou reduzir de outros países. Vamos falar com eles. Clique para declarar França a guerra Escolha um objetivo militar e clique em 'Aceitar'.;Et si vous êtes sur le point de perdre cette position, vous recevrez un avertissement à temps pour tenter d'y remédier. Pour éviter la catastrophe, vous pouvez notamment faire la guerre afin d'améliorer votre prestige ou de réduire celui d'un autre pays. Parlons un peu des guerres. Recherchez la France et déclarez-lui la guerre. Pour ce faire, cliquez sur Déclarer la guerre, sélectionnez un objectif de guerre et cliquez sur OK.;Sollten Sie aber im Rang abrutschen, ist das noch nicht das Ende aller Tage: Sie werden rechtzeitig gewarnt, um etwas dagegen zu unternehmen. Eine Möglichkeit zur Vermeidung einer Katastrophe ist, Ihr Prestige durch den Gewinn eines Kriegs zu erhöhen oder das Prestige einer anderen Nation zu verringern. Lassen Sie uns nun etwas über den Krieg sprechen. Finden Sie Frankreich und erklären Sie ihm den Krieg. Klicken Sie dazu auf Krieg erklären, wählen Sie ein Kriegsziel aus und klicken Sie auf OK.;;Sin embargo, si has bajado de posición, todavía no está todo perdido, ya que recibirás un aviso a tiempo y puedes intentar solucionar el problema. Una forma de evitar este desastre es, por supuesto, la guerra. Sea para incrementar tu prestigio o para reducir el de otro. Hablemos un poco de ellas. Haz clic en Francia y declárale la guerra. Selecciona un objetivo bélico y haz clic en 'Aceptar'.;;;;;;;;;x
BE_GREAT_POWER;Grande potência;Grande puissance;Großmacht;;Gran potencia;;;;;;;;;x
DIPLOMACY_GREATNATION_STATUS;Grande potência;Grande puissance;Großmacht;;Gran potencia;;;;;;;;;x
WE_NO_LONGER_GREAT_POWER_2;perdeu sua posição de grande potência para;et a perdu sa position de grande puissance face à;Sie verloren den Rang als Großmacht an;;y ha perdido su condición de gran potencia ante;;;;;;;;;x
THEY_NO_LONGER_GREAT_POWER_3;perdeu sua posição de grande potência para;et a perdu sa position de grande puissance face à;Sie verloren den Rang als Großmacht an;;y ha perdido su condición de gran potencia ante;;;;;;;;;x
WE_BECAME_GREAT_POWER_2;é agora considerado uma grande potência!;et est maintenant considéré comme une grande puissance !;Wir werden nun als Großmacht angesehen!;;y ahora se ha convertido en una gran potencia.;;;;;;;;;x
SERVER_LOST_DESC;A conexão com o servidor caiu. Você pode salvar o jogo ou escolher continuar e fechar essa janela. Para continuar o jogo você deve sair e entrar novamente na sessão.;La connexion avec le serveur a été perdue. Vous pouvez sauvegarder la partie ou fermer cette fenêtre pour continuer. Pour poursuivre la partie, vous devez quitter et accueillir une nouvelle session.;Verbindung zum Server unterbrochen. Sie können das Spiel speichern oder fortfahren und dieses Fenster schließen. Zum Fortsetzen des Spiels müssen Sie beenden und neu hosten.;;No se encuentra el servidor. Puedes guardar la partida o continuar y cerrar esta ventana. Para continuar la partida, tienes que salir y volver a conectar con el anfitrión.;;;;;;;;;x
MODIFIER_GLOBAL_POP_MILITANCY_MODIFIER;Militância de Pop;Militantisme du POP;Bev-Militanz;;Militancia de POB;;;;;;;;;x
MODIFIER_GLOBAL_POP_CONSCIOUSNESS_MODIFIER;Consciência de Pop;Conscience nationale du POP;Bev-Bewusstsein;;Conciencia de POB;;;;;;;;;x
global_liberal_agitation;Agitação liberal;Agitation libérale;Liberale Agitation;;Agitación liberal;;;;;;;;;x
desc_global_liberal_agitation;Os rebeldes apóiam a causa do liberalismo e revolução.;Des exaltés soutiennent le libéralisme et la révolution.;Aufwiegler in diesen Provinzen fordern die liberale Revolution.;;Los sediciosos apoyan la causa del liberalismo y la revolución.;;;;;;;;;x
EDU_DESC;O orçamento educacional é usado para pagar o clérigo e produzir pontos de pesquisa.;Le budget de l'enseignement permet de payer le clergé et de produire des points de recherche.;Aus dem Bildungshaushalt werden der Klerus und die Produktion von Forschungspunkten bezahlt.;;El presupuesto educativo se utiliza para pagar al clero y producir puntos de investigación.;;;;;;;;;x
ADM_DESC;A administração de investimentos permite burocratas para manter uma burocracia saudável, aumentando a sua eficiência fiscal.;Le budget alloué à l'administration assure le bon fonctionnement de la bureaucratie et renforce votre efficacité fiscale.;Verwaltungsausgaben ermöglichen Ihren Bürokraten die Beibehaltung einer reibungslosen Verwaltung und die Erhöhung Ihrer Steuereffizienz.;;La inversión en administración permite a tus burócratas mantener una burocracia saludable, lo que incrementa tu eficacia impositiva.;;;;;;;;;x
COMBATEND_INITIAL;Inicial;Initialement;Anfänglich;;Inicial;;;;;;;;;x
COMBATEND_CASUALTIES;Baixas;Victimes;Verluste;;Bajas;;;;;;;;;x
COMBATEND_SURVIVORS;Sobreviventes;Survivants;Überlebende;;Sobreviven;;;;;;;;;x
cavours_diplomacy_title;Diplomacia de Cavour;La diplomatie de Cavour;Cavours Diplomatie;;Diplomacia de Cavour;;;;;;;;;x
cavours_diplomacy_desc;Camillo Paolo Filippo Giulio Benso, o Conde de Cavour, primeiro ministro do Reino de Itália , foi uma líder no movimento para a unificação italiana, e seus esforços pessoais na diplomacia é extremamente creditado por ter ganho o apoio da França de Napoleão III contra a Áustria na segunda guerra de independência italiana.;Camillo Paolo Filippo Giulio Benso, comte de Cavour, premier ministre du Royaume de Sardaigne, fut une figure marquante du mouvement pour une Italie unifiée. Il joua un rôle diplomatique déterminant dans le soutien de la France de Napoléon III contre l'Autriche lors de la seconde guerre d'indépendance italienne.;Camillo Paolo Filippo Giulio Benso, Graf von Cavour, Premierminister des Königreichs Sardinien, war ein führender Kopf der italienischen Vereinigungsbewegung. Hinsichtlich seiner persönlichen diplomatischen Errungenschaften wird oft erwähnt, dass er Italien im zweiten italienischen Unabhängigkeitskrieg gegen Österreich die Unterstützung von Frankreich unter Napoleon III. sicherte.;;Camillo Benso, Conde de Cavour, primer ministro del reino de Cerdeña fue una figura destacada del movimiento por la unificación de Italia, y a sus esfuerzos personales en diplomacia se le suelen atribuir el haber conseguido el apoyo de la Francia de Napoleón III contra Austria en la Segunda Guerra de Independencia Italiana.;;;;;;;;;x
EVTNAME36898;A Coroação da Rainha Victoria;Le couronnement de la reine Victoria;Die Krönung von Queen Victoria;;Coronación de la reina Victoria;;;;;;;;;x
EVTDESC36898;No dia 28 de junho de 1838, a princesa Alexandrina Victoria da Casa de Hanôver ascendeu ao trono do Reino Unido da Grã-Bretanha e Irlanda como 'Rainha Victoria'. O reino dela, que duraria apenas alguns anos no século XX, mais tarde seria lembrado como o auge absoluto do Império Britânico, será a rainha qual os britânicos nunca se esquecerá. A última monarca britânica da Casa de Hanôver, sua ascensão também marcou o fim da união pessoal entre a Inglaterra e Hanôver. Hoje uma multidão eufórica em Londres tem acompanhado a jovem rainha Victoria à sua residência no recém-construído Palácio de Buckingham.;"Le 28 juin 1838, la princesse Alexandrine Victoire de Hanovre accéda au trône du Royaume-Uni de Grande-Bretagne et d'Irlande pour devenir la ""reine Victoria"". Son règne, qui dura jusqu'au tout début du XXe siècle, reflète la grandeur de l'Empire britannique. Dernière souveraine britannique de la maison de Hanovre, son ascension marqua aussi la fin de l'union personnelle entre la Grande-Bretagne et Hanovre. Aujourd'hui, une foule radieuse a escorté la jeune reine Victoria vers sa nouvelle résidence, le Palais de Buckingham.";Am 28. Juni 1838 bestieg Prinzessin Alexandrina Victoria des Hauses Hannover als 'Queen Victoria' den Thron des Vereinigten Königreichs von Großbritannien und Irland. An ihre Herrschaft, die sogar einige wenige Jahre ins zwanzigste Jahrhunderte reichte, erinnerte man sich später als den absoluten Zenit des britischen Weltreichs, in dem die Sonne niemals unterging. Sie war der letzte britische Monarch des Hauses Hannover und ihre Thronbesteigung markierte auch das Ende der Personalunion zwischen Britannien und Hannover. Heute hat eine jubelnde Menge die junge Queen Victoria zu ihrer Residenz im neu gebauten Buckingham Palace begleitet.;;El 28 de junio de 1838, la princesa Alexandrina Victoria de la casa Hannover ascendía al trono del Reino Unido de la Gran Bretaña e Irlanda como 'la reina Victoria'. Su reinado, que alcanzaría incluso los primeros años del siglo XX, sería recordado más tarde como el auge absoluto del Imperio Británico, sobre el que nunca se ponía el sol. Última monarca británica de la Casa Hannover, su coronación marcó también el final de la unión personal entre Gran Bretaña y Hannover. En el día de hoy, una jubilosa multitud ha escoltado en Londres a la joven reina Victoria hasta su residencia en el recién construido palacio de Buckingham.;;;;;;;;;x
EVTOPTA36898;Bem vinda Victoria!;Victoria Regina !;Victoria Regina!;;¡Victoria Regina!;;;;;;;;;x
RELEASE_VASSAL_EFFECT;Liberar §Y$TARGET$§W\n;Libérer §Y$TARGET$§W\n;§Y$TARGET$§W entlassen\n;;Liberar §Y$TARGET$§W\n;;;;;;;;;x
EVTDESC15310;"Ao andar pela cidade, vendo as sombras passar como se fossem soldados de $COUNTRY$, o relógio da torre iluminava a igreja e tinha uma visão de um olho perverso, como se tivesse encarando quem passasse pela a igreja. Já é tarde, mas aquele olho continua ali, encarando como se a noite nunca fosse acabar."\n\nEm $PROVINCENAME$, formou uma universidade clandestina que proporciona ensino superior, apesar da proibição de línguas minoritárias na academia.;À mesure qu'elle traverse la ville, fuyant les ombres comme s'il s'agissait de soldats $COUNTRY_ADJ$, la tour de l'horloge illuminée semble l'observer, telle un inquiétant œil jaune. Elle est en retard, mais le cours n'est pas terminé.\n\nUne université clandestine a été créée en $PROVINCENAME$ pour dispenser des cours d'enseignement supérieur malgré l'interdiction des langues minoritaires dans le milieu universitaire.;Während sie sich ihren Weg durch die Stadt bahnt, wobei sie Schatten ausweicht, als seien sie $COUNTRY_ADJ$ Soldaten, scheint sie die erleuchtete Turmuhr wie ein böses, gelbes Auge anzustarren. Sie ist schon zu spät, aber der Unterricht ist noch nicht vorbei.\n\nIn $PROVINCENAME$ hat sich eine Untergrund-Universität gegründet, die trotz des Bannes gegen Minderheitensprachen in akademischen Kreisen höhere Bildung vermittelt.;;Mientras recorre la ciudad, esquivando las sombras como si fueran soldados de $COUNTRY$, el iluminado reloj de la torre de la iglesia parece mirarla fijamente, como un perverso y ponzoñoso ojo amarillo. Ya llega tarde, pero la clase aún no ha terminado.\n\nEn $PROVINCENAME$, se ha formado una universidad clandestina que proporciona educación superior, a pesar de la prohibición de las lenguas minoritarias en la academia.;;;;;;;;;x
EVTNAME11100;O parlamento de $FROMCOUNTRY_ADJ$;Le parlement $FROMCOUNTRY_ADJ$;Das $FROMCOUNTRY_ADJ$ Parlament;;El parlamento de $FROMCOUNTRY$;;;;;;;;;x
EVTDESC11100;Um crescimento notável do nacionalismo liberal da entidade $CULTURE_GROUP_UNION$ derrubou o governo em $FROMCOUNTRY$. Foi montado um parlamento revolucionário, com representantes de todos os cantos da entidade $CULTURE_GROUP_UNION$, que decretou que está na hora da nação se unir sob uma única bandeira. O Parlamento nos deu a coroa da entidade $CULTURE_GROUP_UNION$. Podemos aceitar a oferta, mas isso poderia causar um alarme internacional, e que nos obrigam a compensar politicamente os revolucionários.;La vague de nationalisme libéral qui a traversé $CULTURE_GROUP_UNION$ a renversé le gouvernement de $FROMCOUNTRY$. Un parlement de révolutionnaires libéraux s'est réuni, avec des représentants de l'ensemble de $CULTURE_GROUP_UNION$, et a décrété qu'il est temps pour la nation de s'unir sous la même bannière. Le parlement nous a proposé la couronne de la nation unifiée de $CULTURE_GROUP_UNION$. Nous pourrions accepter cette offre, mais la communauté internationale risque de s'en offusquer et nous devrons dédommager les révolutionnaires sur le plan politique.;Der aufwallende Liberalnationalismus in $CULTURE_GROUP_UNION$ hat die Regierung in Groß-$FROMCOUNTRY$ gestürzt. Man hat ein liberales Revolutionsparlament mit Repräsentanten aus ganz $CULTURE_GROUP_UNION$ einberufen, das zu dem Schluss gekommen ist, dass nun die Zeit reif dafür ist, dass sich die Nation unter einem Banner vereinigt. Das Parlament hat uns die Krone des vereinigten $CULTURE_GROUP_UNION$ angeboten. Wir könnten das Angebot annehmen, aber dann würden wir das Ausland alarmieren und wir müssten die Revolutionäre politisch entschädigen.;;Un incremento notable del nacionalismo liberal en la entidad $CULTURE_GROUP_UNION$ ha hecho caer al gobierno de $FROMCOUNTRY$. Se ha reunido un parlamento de revolucionarios, con representantes de todos los rincones de la entidad $CULTURE_GROUP_UNION$, y ha decretado que es el momento de que la nación se una bajo un solo estandarte. El parlamento nos ha ofrecido a nosotros la corona de la entidad $CULTURE_GROUP_UNION$. Podríamos aceptar la oferta, pero hacerlo causaría alarma internacional, y nos obligaría a compensar políticamente a los revolucionarios.;;;;;;;;;x
EVTOPTA11100;Viva!;Hourra !;Hurra!;;¡Hurra!;;;;;;;;;x
EVTOPTB11100;Eu nunca aceitarei uma coroa vindo de escórias.;Pas question que j'accepte une couronne qui vient du caniveau !;Ich werde keine Krone aus der Gosse akzeptieren.;;No aceptaré una corona de la escoria.;;;;;;;;;x
IS_IN_A_SPHERE;Está em uma esfera de influencia;Est dans une sphère d'influence;Befindet sich in einer Einflusssphäre;;Está en una esfera de influencia;;;;;;;;;x
EVTNAME16070;Os Fire-Eaters;Fire-Eaters;Fire-Eaters;;Fire-Eaters;;;;;;;;;x
EVTDESC16070;"Foi decretado, a morte, a todas as perguntas inquietantes relacionadas com a nossa instituição peculiar."\n\nSuas palavras são calmas, mas pode carregar uma chama ardente de ira dirigida a todos aqueles que ameaçam a instituição da escravidão. Os 'Fire-Eaters', agitadores radicais a favor a escravidão, apareceu em $PROVINCENAME$;"Elle a mis un terme définitif à toutes les questions embarrassantes liées à notre singulière institution.\n\nSa voix est douce, mais ses paroles enflammées ne parviennent pas à masquer la colère qu'il éprouve envers tous ceux qui menacent l'existence même de l'esclavage. Des ""Fire-Eaters"", agitateurs radicaux favorables à l'esclavage, ont fait leur apparition en $PROVINCENAME$.";Damit wurde den agitierenden Fragen bezüglich unserer besonderen Situation für immer ein Ende bereitet.'\n\nEr spricht mit sanften Worten, die aber eine Flamme rechtschaffener Wut gegen alles und jeden in sich tragen, was er als Gefahr für die Einführung der Sklaverei ansieht. In $PROVINCENAME$ sind 'Fire-Eaters' aufgetaucht, radikale Befürworter der Sklaverei.;;Ello zanja, para siempre, todas las cuestiones inquietantes relacionadas con nuestra peculiar institución.\n\nSus palabras suenan melosas, pero van cargadas de una llama de cólera justiciera dirigida hacia todo aquello que él considere una amenaza para la institución de la esclavitud. Los 'Fire-Eaters', agitadores radicales en favor de la esclavitud, han aparecido en $PROVINCENAME$;;;;;;;;;x
EVTOPTA16070;Todos os homens são iguais...;Tous les hommes sont nés égaux...;Alle Menschen sind gleich ...;;Todos fuimos creados como iguales...;;;;;;;;;x
EVTOPTB16070;Nunca ouvi palavras tão verdadeiras!;C'est la seule vérité qui tienne !;Wahrere Worte sind uns noch nie zu Ohren gekommen!;;¡Jamás se pronunciaron palabras más ciertas!;;;;;;;;;x
PROVINCEVIEW_SUPPLY_LIMIT;Limite de suprimento:;Limite en ravitaillement :;Versorgungslimit:;;Límite sumin.:;;;;;;;;;x
PRODUCTION_COST_REOPEN;Custo de reabertura: §Y$VAL$§W;Coût de réouverture : §Y$VAL$§W;Wiedereröffnungskosten: §Y$VAL$§W;;Coste de reapertura: §Y$VAL$§W;;;;;;;;;x
EVTNAME11102;Três hurrah pela nossa pátria ($CULTURE_GROUP_UNION$)!;Pour $CULTURE_GROUP_UNION$, hip hip hip, hourra !;Ein dreifaches Hurra auf $CULTURE_GROUP_UNION$!;;¡Tres hurras por nuestra nueva patria ($CULTURE_GROUP_UNION$)!;;;;;;;;;x
EVTDESC11102;Em todos os cantos de $COUNTRY$, multidões jubilosas empunham a bandeira da nova entidade $CULTURE_GROUP_UNION$, tomaram as ruas, celebrando o governo em $CAPITAL$ proclamaram sua unificação sob a bandeira $COUNTRY_ADJ$.\n\n'Por muito tempo, temos permitido que o enredo ea conspiração de potências estrangeiras determinassem o tempo de vida de nossa nação. Hoje, e para sempre -- aqui na nossa pátria histórica -- estabelecemos os laços de uma união mais perfeita. Três hurras para $CULTURE_GROUP_UNION$!'\n\n;"Partout en $COUNTRY$, des foules transportées de joie agitant le drapeau de $CULTURE_GROUP_UNION$, envahissent les rues pour fêter la nouvelle : le gouvernement de $CAPITAL$ a proclamé l'unification de l'ensemble de $CULTURE_GROUP_UNION$ sous le drapeau $COUNTRY_ADJ$.\n\n""Cela faisait trop longtemps que nous laissions la machination et le complot des puissances étrangères décider du sort de notre nation. Aujourd'hui et pour toujours, ici dans notre ancienne patrie, nous tissons les liens d'une union plus parfaite. Pour $CULTURE_GROUP_UNION$, hip hip hip, hourra !""\n\n";Überall in $COUNTRY$ schwenkt die jubelnde Menge Flaggen von $CULTURE_GROUP_UNION$. Nachdem die Regierung in $CAPITAL$ die Vereinigung von ganz $CULTURE_GROUP_UNION$ unter der $COUNTRY_ADJ$ Flagge proklamiert hat, sind auf den Straßen Feierlichkeiten ausgebrochen.\n\n'Viel zu lange haben wir die Geschicke unserer Nation von den Machenschaften und den Intrigen ausländischer Mächte bestimmen lassen. Heute schmieden wir hier, in unserem angestammten Heimatland, für immer die Bande einer besseren Union. Ein dreifaches Hurra auf $CULTURE_GROUP_UNION$!;;Por todos los rincones de $COUNTRY$, multitudes jubilosas que empuñan la bandera de la nueva entidad $CULTURE_GROUP_UNION$, toman las calles celebrando que el gobierno en $CAPITAL$ ha proclamado su unificación bajo la bandera $COUNTRY_ADJ$.\n\n'Durante demasiado tiempo hemos permitido que la maquinación y la conspiración de potencias extranjeras determinasen el curso de la vida de nuestra nación. Hoy, y para siempre -- aquí, en nuestra madre patria histórica -- establecemos los lazos de una unión más perfecta. ¡Tres hurras por ella!'\n\n;;;;;;;;;x
EVTOPTA11102;Hurrah!;Hourra !;Hurra!;;¡Hurra!;;;;;;;;;x
NAVALATTACKTHEM_HEADER;O chefe da marinha relata que;Le chef de la marine signale que;Der Marine-Oberbefehlshaber berichtet:;;El Jefe de la Marina informa;;;;;;;;;x
NAVALATTACKUS_HEADER;O chefe da marinha relata que;Le chef de la marine signale que;Der Marine-Oberbefehlshaber berichtet:;;El Jefe de la Marina informa;;;;;;;;;x
SIEGEUS_SETUP;Se o inimigo começar a ocupar nossa província;Si l'ennemi occupe notre province;Wenn der Feind beginnt, unsere Provinz zu besetzen.;;Cuando el enemigo empiece a ocupar nuestra provincia;;;;;;;;;x
SIEGEUS_HEADER;$MESSENGER$;$MESSENGER$;$MESSENGER$;;$MESSENGER$;;;;;;;;;x
SIEGEUS_1;Nossa província está começando a ser ocupada;Notre province est occupée;Der Feind beginnt, $PROV$ zu belagern;;Están empezando a ocupar nuestra provincia;;;;;;;;;x
SIEGEUS_2;$MONARCHTITLE$,;$MONARCHTITLE$,;$MONARCHTITLE$;;$MONARCHTITLE$,;;;;;;;;;x
SIEGEUS_3;$PROV$;$PROV$.;$PROV$;;han empezado a ocupar;;;;;;;;;x
SIEGEUS_4;está começando a ser ocupada. Não há nada que temer! As forças de;est occupée. Ne craignez rien ! Les forces de;wird gerade vom Feind belagert. Doch fürchtet nichts!\nDie Truppen von;;$PROV$. ¡No hay nada que temer! Las fuerzas de;;;;;;;;;x
SIEGEUS_5;$ATTACKER$;$ATTACKER$;$ATTACKER$;;$ATTACKER$;;;;;;;;;x
SIEGEUS_6;em breve serão expulsos pela força de nossos exércitos.;seront bientôt repoussées par nos puissantes armées.;werden schon bald von der Macht unserer Armeen vertrieben werden.;;pronto serán expulsadas por el poder de nuestros ejércitos.;;;;;;;;;x
SIEGEUS_LOG;$PROV$ está começando a ser ocupada.;$PROV$ est occupée.;$PROV$ wird gerade vom Feind belagert.;;Han empezado a ocupar $PROV$.;;;;;;;;;x
SIEGEUS_BTN1;Aceitar;OK;OK;;OK;;;;;;;;;x
SIEGEUS_BTN2;Aceitar;OK;OK;;OK;;;;;;;;;x
SIEGEUS_BTN3;Ir para;Aller à;Goto;;Ir allí;;;;;;;;;x
SIEGEUS_MAP;*;*;*;;*;;;;;;;;;x
SIEGETHEM_SETUP;Se começarmos a ocupar uma das províncias do nosso inimigo;Si nous occupons une province ennemie;Wenn wir beginnen, eine Provinz unseres Feindes zu besetzen.;;Cuando empezamos a ocupar una de las provincias de nuestro enemigo;;;;;;;;;x
SIEGETHEM_HEADER;$MESSENGER$;$MESSENGER$;$MESSENGER$;;$MESSENGER$;;;;;;;;;x
SIEGETHEM_1;Sua província está começando a ser ocupada;Leur province est occupée;Wir haben begonnen, $PROV$ zu belagern;;Se ha empezado a ocupar su provincia;;;;;;;;;x
SIEGETHEM_2;$MONARCHTITLE$, nós começamos a ocupar;$MONARCHTITLE$, nous occupons;Wir begannen die Belagerung von;;$MONARCHTITLE$, hemos iniciado la ocupación de;;;;;;;;;x
SIEGETHEM_3;$PROV$.;$PROV$.;$PROV$.;$PROV$.;$PROV$.;$PROV$.;$PROV$ könnyûszerrel bevehetõ erõdjét.;$PROV$.;;;;;;x
SIEGETHEM_4;Nossas forças em breve irá arrancar das garras de;Nos forces auront bientôt débarrassé cette province de;Es wird nicht lange dauern, bis unsere Truppen sie;;Nuestras fuerzas no tardarán en arrancarla de las garras de;;;;;;;;;x
SIEGETHEM_5;$DEFENDER$.;$DEFENDER$.;$DEFENDER$ entrissen haben.;;$DEFENDER$.;;;;;;;;;x
SIEGETHEM_6;Esperando ansiosamente por nosso governo.;Sa population attend impatiemment d'être guidée par notre gouvernement.;Sie werden sich auf unsere aufgeklärte Regierung freuen.;;Esperan con anhelo nuestro gobierno.;;;;;;;;;x
SIEGETHEM_LOG;Começamos a ocupar $PROV$.;Nous occupons $PROV$.;Wir haben mit der Belagerung von $PROV$ begonnen.;;Hemos empezado a ocupar $PROV$.;;;;;;;;;x
SIEGETHEM_BTN1;Aceitar;OK;OK;;OK;;;;;;;;;x
SIEGETHEM_BTN2;Aceitar;OK;OK;;OK;;;;;;;;;x
SIEGETHEM_BTN3;Ir para;Aller à;Goto;;Ir allí;;;;;;;;;x
SIEGETHEM_MAP;*;*;*;;*;;;;;;;;;x
chief_of_army;Chefe do exército;Chef de l'armée;Armee-Oberbefehlshaber;;Jefe del ejército;;;;;;;;;x
chief_of_navy;Chefe da marinha;Chef de la marine;Marine-Oberbefehlshaber;;Jefe de la marina;;;;;;;;;x
chief_of_staff;Chefe de Gabinete;Chef d'état-major;Generalstabschef;;Jefe del estado mayor;;;;;;;;;x
SPHERE_LEADER;Líder da esfera;Leader de sphère;Einflusssphären-Führer;;Líder de la esfera;;;;;;;;;x
CONFIRM_INTERVENTION;Intervenção!;Intervention !;Intervention!;;¡Intervención!;;;;;;;;;x
CONFIRM_INTERVENTION_DESC;Você quer intervir no $WAR$?;Voulez-vous intervenir dans la guerre $WAR$ ?;Möchten Sie in den $WAR$ intervenieren?;;¿Quieres intervenir en la $WAR$?;;;;;;;;;x
CHAT_NONE_TIP;Limpar filtro do Bate-papo;Supprimer le contenu du filtre de chat;Chatfilter-Inhalt löschen;;Limpiar filtro de diálogo;;;;;;;;;x
CHAT_ALLIES_TIP;Bate-papo somente com aliados;Chat avec alliés uniquement;Nur mit Verbündeten chatten;;Diálogo solo con aliados;;;;;;;;;x
CHAT_ENEMIES_TIP;Bate-papo somente com inimigos;Chat avec ennemis uniquement;Nur mit Feinden chatten;;Diálogo solo con enemigos;;;;;;;;;x
CHAT_ALL_TIP;Bate-papo com todo mundo.;Chat avec tout le monde.;Mit jedem chatten;;Diálogo con todos;;;;;;;;;x
CHAT_FILTER;Clique para mudar se o usuário recebe mensagens ou não;Cliquez pour changer l'option permettant à l'utilisateur de recevoir ou non des messages.;Ändern Sie per Klick, ob der Spieler Nachrichten erhält oder nicht.;;Haz clic para cambiar si el usuario recibe mensajes o no;;;;;;;;;x
UV_NO_MORALE;Não pode se mover devido à má organização. A organização atual é §Y$ORG$§W e precisa de §Y$NEED$§W.;Déplacement impossible en raison d'une mauvaise organisation. Organisation actuelle : §Y$ORG$§W Organisation requise : §Y$NEED$§W.;Bewegung aufgrund schwacher Organisation unmöglich. Die aktuelle Organisation ist §Y$ORG$§W, benötigt wird §Y$NEED$§W.;;No puede moverse debido a su escasa organización. La organización actual es de §Y$ORG$§W, lejos de la necesaria §Y$NEED$§W.;;;;;;;;;x
UV_NO_STRENGHT;Não pode se mover devido a sua pouca força. A força atual é §Y$STR$§W e precisa de §Y$NEED$§W.;Déplacement impossible en raison d’un manque de force. Force actuelle : §Y$ORG$§W Force requise : §Y$NEED$§W.;Bewegung aufgrund schwacher Stärke unmöglich. Die aktuelle Stärke ist §Y$STR$§W, benötigt wird §Y$NEED$§W.;;No puede moverse debido a su escasa fuerza. La fuerza actual es de §Y$STR$§W, lejos de la necesaria §Y$NEED$§W.;;;;;;;;;x
tut_7a_6b;Abaixo está uma opção chamada automatizar.\nAutomatizar gerencia automaticamente a ordem de suas compras para adquirir o que seus exércitos precisam.;En dessous se trouve un case intitulée Automatiser.\nAutomatiser définit automatiquement la commande en fonction des besoins de vos armées.;Unten sehen Sie das Kontrollkästchen Automatisieren.\nAutomatisieren stellt Ihre Handelsgeschäfte automatisch so ein, dass die von Ihren Armeen benötigten Produkte gekauft werden.;;Debajo hay una casilla con el nombre de Automatizar.\nAutomatizar gestionará automáticamente el orden de tus compras para adquirir lo que tus ejércitos necesiten.;;;;;;;;;x
tut_1a_4;Os holandeses estão agrupados em nossa fronteira. Devemos retirar eles. A primeira coisa a fazer é selecionar um exército para fazêr isso. \n Para selecionar um exército, clique no exército em Bruxelas;Les Hollandais se rassemblent à vos frontières, vous devez les repousser. Mais avant cela, une armée doit être sélectionnée. \n Pour ce faire, cliquez sur l'armée de Bruxelles.;Die Holländer versammeln sich an unseren Grenzen, wir müssen sie zurückschlagen. Dazu müssen wir zuerst eine Armee auswählen. \n Zur Auswahl einer Armee klicken Sie auf die Armee in Brüssel.;;Los holandeses se agrupan en nuestra frontera. Debemos repelerlos. Lo primero que tenemos que hacer es seleccionar un ejército para que lo haga. \nPara seleccionar un ejército, haz clic en el ejército de Bruselas, marcado en el mapa.;;;;;;;;;x
CONT_AI;Substituir c. AI;Remplacer par IA;Mit KI ersetzen;;Sustituir con IA;;;;;;;;;x
CONT_CONTINUE;Continuar (sem IA);Continuer (pas d'IA);Fortfahren (keine KI);;Continuar (sin IA);;;;;;;;;x
ASKMILITARYACCESS_THEY_ACCEPT_6;Nós podemos mover nossas tropas livremente através do seu território, enquanto este Tratado está em vigor.;Tant que ce traité est en vigueur, vous pouvez déplacer nos troupes à votre convenance sur leur territoire.;Während dieser Vertrag in Effekt ist, können unsere Truppen ungehindert über ihr Territorium marschieren.;;Mientras este tratado esté en vigor, podemos mover nuestras tropas libremente por su territorio.;;;;;;;;;x
ASKMILITARYACCESS_THEY_DECLINE_6;Como eles não conseguem ver os benefícios de ter nossas tropas nas ruas de sua capital é um dos pequenos mistérios da vida.;Pourquoi ne voient-ils pas la présence de nos troupes dans les rues de leur capitale comme un atout ? C'est un des mystères de la vie !;Warum sie die Vorzüge nicht sehen können, unsere Truppen auf den Straßen ihrer Hauptstadt zu haben, wird wohl immer ein Geheimnis bleiben.;;Cómo no son capaces de apreciar los beneficios de tener a nuestras tropas en las calles de su capital es uno de esos pequeños misterios de la vida.;;;;;;;;;x
DISBAND_UNIT_DRO;Dissolução de uma brigada irá removê-la do jogo, e, assim, reduzir a quantidade de suprimentos que sua nação tem para gastar em manutenção.;Le démantèlement d'un régiment entraînera sa suppression du jeu et réduira les approvisionnements nécessaires à son entretien par votre nation.;Die Auflösung eines Regiments entfernt es aus dem Spiel und reduziert somit die Gütermenge, die Ihre Nation für die Instandhaltung aufbringen muss.;;Disolver una brigada la retirará del juego, lo que reducirá la cantidad de suministros que tu nación tiene que gastar en mantenimiento.;;;;;;;;;x
residency_desc;Somente as pessoas de cultura primária de nossa nação estão autorizados a votação.;Seule la population de la culture principale de votre nation est autorisée à voter.;Nur Angehörige der Primärkultur unserer Nation dürfen wählen.;;Solo puede votar la población de la cultura principal de tu nación.;;;;;;;;;x
limited_citizenship_desc;Somente as pessoas de culturas primárias e aceitos da nossa nação estão autorizados a votação.;Seule la population de la culture principale et de la culture acceptée de votre nation est autorisée à voter.;Nur Angehörige der Primärkultur und der akzeptierten Kulturen unserer Nation dürfen wählen.;;Solo puede votar la población de la cultura principal y de las culturas aceptadas de tu nación.;;;;;;;;;x
small_arms_production_desc;Com as invenções dos rifles pós-carga, rifles de perfuração mecanizados, semi-automáticas e varias outras melhorias técnicas nos design das armas, a produção industrial de armas pequenas aumentou em uma taxa surpreendente durante o século XIX.;Grâce à des inventions comme le fusil chargé par la culasse ou le semi-automatique, la production industrielle d'armes légères a considérablement augmenté au cours du XIXe siècle.;Während des neunzehnten Jahrhunderts erhöhte sich die industrielle Herstellung von Handfeuerwaffen durch die Erfindung von Hinterladern, mechanisierter Waffenlauffertigung, halbautomatischen Waffen und anderen technischen Neuerungen stark.;;Con la invención de los fusiles postcarga, el fresado mecanizado de fusiles, las semiautomáticas, y otras mejoras técnicas en el diseño de armas, se produjo un enorme incremento en la producción de armas ligeras durante el siglo XIX.;;;;;;;;;x
ammunition_production_desc;O design e a produção das monições básicas foi muita aprimoda durante o seculo XIX. (Avanços nos designs de armas desde carregamentos dianteiros e traseiros até semi-automáticos e automáticos) significa que a produção de munição tem que seguir com a evolução das armas.;La conception et la production de munitions de base ont connu une nette amélioration au cours du XIXe siècle. Les progrès de l'armement (des fusils chargés par le canon aux fusils chargés par la culasse, en passant par les armes semi-automatiques et les mitrailleuses) ont naturellement entraîné une amélioration de la conception et de la production de munitions.;Im Verlauf des neunzehnten Jahrhunderts wurde auch das Design und die Produktion von Standardmunition stark verbessert. Die Fortschritte bei der Waffenentwicklung -- von Vorder- zu Hinterladern und dann zu halbautomatischen Waffen und Maschinengewehren -- bedeuteten natürlich, dass Munitionsdesign und-herstellung Schritt halten mussten.;;El diseño y la producción de munición básica se vieron muy incrementados a lo largo del siglo XIX. Los avances en el diseño de armas (desde las cargas delanteras y traseras a las semiautomáticas y las ametralladoras) significaron, lógicamente, que el diseño y la producción de munición tuvieran también su correspondiente progreso.;;;;;;;;;x
explosives_production_desc;A era vitoriana testemunhou grandes avanços na capacidade do homem para explodir coisas. Uma era que tinha começado a avançar com a pólvora preta e simples, até a chegada de explosivos plásticos e de nitroglicerina.;Les explosifs ont connu de formidables progrès au cours de l'ère victorienne qui a débuté avec la poudre à canon pour se terminer avec l'avènement du plastic et de la nitroglycérine.;Das viktorianische Zeitalter war Schauplatz gewaltiger Fortschritte der Menschen dabei, Sachen in die Luft zu jagen. Zu Beginn dieser Ära wurde noch mit einfachem Schwarzpulver hantiert, bei ihrem Ende gab es Plastiksprengstoffe und Nitroglyzerin.;;La era victoriana fue testigo de tremendos avances en la capacidad del ser humano para hacer explotar cosas. Una era que había empezado con poco más avance que la simple pólvora negra, acabaría contemplando la aparición tanto de los explosivos plásticos como de la nitroglicerina.;;;;;;;;;x
artillery_production_desc;A Revolução Industrial do século XIX afetou praticamente todas as áreas da atividade humana, e a produção de artilharia não foi uma exceção. O que anteriormente tinha sido um longo processo de canhões de bronze e de moldagem, (nas mãos dos luminares da indústria, tais como Alfred Krupp ou Hiram Maxim) tornou-se uma ciência exata e industrializada.;La révolution industrielle du XIXe siècle a eu des répercussions sur d'innombrables domaines, notamment la production de pièces d'artillerie. Grâce à des sommités comme Alfred Krupp ou Hiram Maxim, la production d'armes devint une science industrialisée et exacte.;Die industrielle Revolution des neunzehnten Jahrhundert beeinflusste praktisch alle Bereiche des menschlichen Strebens, und die Herstellung von Artilleriegeschützen stellte da keine Ausnahme dar. Was anfangs noch ein mühsames Gußverfahren war, wurde durch industrielle Lichtgestalten wie Alfred Krupp oder Hiram Maxim zu einer industrialisierten und präzisen Wissenschaft.;;La revolución industrial del siglo XIX afectó prácticamente a todas las áreas del esfuerzo humano, y la producción de artillería no fue una excepción. Lo que previamente había sido un largo proceso de fabricación por molde de cañones de bronce acabaría convirtiéndose (en manos de luminarias de la industria, como Alfred Krupp o Hiram Maxim) en una ciencia industrializada y exacta.;;;;;;;;;x
PO_PD_70;Você ganhou uma vitória devastadora, e pode esperar o cumprimento de diversos objetivos militares em um acordo de paz.;Vous avez remporté une écrasante victoire et pouvez espérer atteindre plusieurs objectifs de guerre lors des négociations de paix.;Sie haben einen verheerenden Sieg errungen, und in den Friedensverhandlungen können Sie die volle Erfüllung mehrerer Kriegsziele erwarten.;;Has logrado una victoria aplastante y puedes contar alcanzar varios objetivos bélicos en el acuerdo de paz.;;;;;;;;;x
PO_PD_40;Você ganhou uma vitória absoluta, e deve exigir o cumprimento de pelo menos um dos principais objetivos militares em um acordo de paz.;Vous avez remporté une victoire totale et devez exiger l'application d'au moins un objectif de guerre lors des négociations de paix.;Sie haben einen totalen Sieg errungen, und in den Friedensverhandlungen können Sie die volle Erfüllung mindestens eines großen Kriegsziels erwarten.;;Has conseguido una victoria total, y deberías exigir que se cumpla, como mínimo, un objetivo bélico principal en el acuerdo de paz.;;;;;;;;;x
PO_PD_10;Você ganhou uma vitória. O inimigo provavelmente aceitou uma paz branca, ou o cumprimento de pelo menos uma objetivo militar limitado em um acordo de paz.;Vous avez remporté une victoire. L'ennemi acceptera certainement une paix blanche ou vous concédera au moins un objectif de guerre limité lors des négociations de paix.;Sie haben gesiegt. Der Feind wird in den Friedensverhandlungen mit größter Wahrscheinlichkeit wohl einen weißen Frieden oder die Erfüllung eines eingeschränkten Kriegsziels akzeptieren.;;Has obtenido la victoria. Probablemente, el enemigo aceptaría un cese de hostilidades, o el cumplimiento de, al menos, un objetivo bélico limitado en un acuerdo de paz.;;;;;;;;;x
PO_PD_NEG_25;O inimigo ganhou, e devemos considerar oferecer a realização de pelo menos um objetivo militar limitado deles em troca da paz.;L'ennemi a gagné. Nous devons donc envisager de lui concéder au moins un de ses objectifs de guerre limités en échange de la paix.;Der Feind hat gewonnen, und wir sollten mit dem Gedanken spielen, im Gegenzug für den Frieden mindestens ein eingeschränktes Kriegsziel zu erfüllen.;;El enemigo ha ganado, y deberíamos pensar en ofrecerle, al menos, uno de sus objetivos bélicos limitados a cambio de la paz.;;;;;;;;;x
PO_PD_NEG_60;O inimigo ganhou uma vitória absoluta, e devemos considerar em oferecer a eles o cumprimento de pelo menos um dos seus principais objetivos militares.;L'ennemi a remporté une victoire totale. Nous devons donc envisager de lui concéder au moins un de ses principaux objectifs de guerre.;Der Feind hat einen totalen Sieg erzielt, und wir sollten mit dem Gedanken spielen, im Gegenzug für den Frieden die Erfüllung mindestens eines großen Kriegsziels anzubieten.;;El enemigo ha conseguido una victoria total y deberíamos pensar en ofrecerle, como mínimo, uno de sus objetivos bélicos principales.;;;;;;;;;x
PO_PD_NEG_99;O inimigo ganhou uma vitória devastadora, e podemos esperar que eles exigem o cumprimento de diversos objetivos militares nas negociações de paz.;L'ennemi a remporté une victoire écrasante. Il risque de nous demander de concéder plusieurs objectifs de guerre lors des négociations de paix.;Der Feind hat einen verheerenden Sieg erzielt, und wir können damit rechnen, dass sie in den Friedensverhandlungen die Erfüllung mehrerer Kriegsziele verlangen werden.;;El enemigo ha conseguido una victoria aplastante, y podemos contar con que nos exija el cumplimiento de varios objetivos bélicos durante las negociaciones de paz.;;;;;;;;;x
TOPBAR_AT_WAR_WITH;Em guerra com §Y$COUNTRY$§W;En guerre contre §Y$COUNTRY$§W;Im Krieg mit §Y$COUNTRY$§W;;En guerra con §Y$COUNTRY$§W;;;;;;;;;x
tut_7a_8a;Olhe para o ícone com o nome 'VENDER' em baixo, e deslizae . Isto significa que se você deslizar a barra para um determinado valor de reserva, o jogo vai tentar vender os produtos até que você tenha essa quantidade.;Notez l'icône sous laquelle apparaissent le texte VENDRE et le curseur qui l'accompagne. Le jeu achète la quantité de marchandises correspondant à la valeur désignée par le curseur.;Beachten Sie das Symbol, unter dem VERKAUFEN steht, und den Schieberegler daneben. Wenn Sie diesen Schieberegler auf einen bestimmten Vorratswert ziehen, versucht die KI, das betreffende Handelsgut so lange einzukaufen, bis der vorgegebene Wert erreicht ist.;;Fíjate en el icono con el texto VENDER debajo, y el control deslizante que hay a su lado. Esto significa que si llevas el control deslizante hasta un determinado valor de reserva, el juego intentará vender las mercancías hasta que tengas esa cantidad.;;;;;;;;;x
EVTOPTA17000;Não haverá voto nesta união;Il n'y aura aucun vote à cette jonction.;Vorerst wird es kein Wahlrecht geben.;;En esta unión no habrá sufragio;;;;;;;;;x
EVTOPTB17000;Se ao menos houvesse apoio popular para esta ideia...;Si seulement cette idée bénéficiait d'un soutien populaire...;Wenn die Bevölkerung nur hinter dieser Idee stehen würde ...;;Si esta idea contara, al menos, con apoyo popular...;;;;;;;;;x
;;;;;;;;;;;;;;x
;;;;;;;;;;;;;;x
;;;;;;;;;;;;;;x
;;;;;;;;;;;;;;x
;;;;;;;;;;;;;;x
;;;;;;;;;;;;;;x
;;;;;;;;;;;;;;x
;;;;;;;;;;;;;;x
